cam.id,mother.id,locality,latitude,longitude,transect.position,altitude,sex,species,subspecies,pattern,experiment
CAM016702,,El Topo  Banos - Puyo road ,-1.398016667,-78.17813333,6.02,1307,male,erato,notabilis,black,haplotagging
CAM016703,,El Topo  Banos - Puyo road ,-1.398016667,-78.17813333,6.02,1307,male,erato,notabilis,black,haplotagging
CAM016704,,El Topo  Banos - Puyo road ,-1.398016667,-78.17813333,6.02,1307,male,erato,notabilis,black,haplotagging
CAM016705,,El Topo  Banos - Puyo road ,-1.398016667,-78.17813333,6.02,1307,male,erato,notabilis,black,haplotagging
CAM016706,,El Topo  Banos - Puyo road ,-1.398016667,-78.17813333,6.02,1307,male,erato,notabilis,black,haplotagging
CAM016707,,El Topo  Banos - Puyo road ,-1.398016667,-78.17813333,6.02,1307,male,erato,notabilis,black,haplotagging
CAM016708,,El Topo  Banos - Puyo road ,-1.398016667,-78.17813333,6.02,1307,female,erato,notabilis,black,haplotagging
CAM016709,,El Topo  Banos - Puyo road ,-1.398016667,-78.17813333,6.02,1307,female,erato,notabilis,black,haplotagging
CAM016710,,El Topo  Banos - Puyo road ,-1.398016667,-78.17813333,6.02,1307,female,erato,notabilis,black,haplotagging
CAM016711,,El Topo  Banos - Puyo road ,-1.398016667,-78.17813333,6.02,1307,female,erato,notabilis,black,haplotagging
CAM016712,,El Topo  Banos - Puyo road ,-1.398016667,-78.17813333,6.02,1307,male,erato,notabilis,black,haplotagging
CAM016713,,El Topo  Banos - Puyo road ,-1.398016667,-78.17813333,6.02,1307,female,erato,notabilis,black,haplotagging
CAM016683,,El Topo  Banos - Puyo road ,-1.398016667,-78.17813333,6.02,1307,male,melpomene,plesseni,black,haplotagging
CAM016684,,El Topo  Banos - Puyo road ,-1.398016667,-78.17813333,6.02,1307,female,melpomene,plesseni,black,haplotagging
CAM016685,,El Topo  Banos - Puyo road ,-1.398016667,-78.17813333,6.02,1307,male,melpomene,plesseni,black,haplotagging
CAM016686,,El Topo  Banos - Puyo road ,-1.398016667,-78.17813333,6.02,1307,male,melpomene,plesseni,black,haplotagging
CAM016687,,El Topo  Banos - Puyo road ,-1.398016667,-78.17813333,6.02,1307,male,melpomene,plesseni,black,haplotagging
CAM016690,,El Topo  Banos - Puyo road ,-1.398016667,-78.17813333,6.02,1307,male,melpomene,plesseni,black,haplotagging
CAM016691,,El Topo  Banos - Puyo road ,-1.398016667,-78.17813333,6.02,1307,male,melpomene,plesseni,black,haplotagging
CAM016692,,El Topo  Banos - Puyo road ,-1.398016667,-78.17813333,6.02,1307,male,melpomene,plesseni,black,haplotagging
CAM016693,,El Topo  Banos - Puyo road ,-1.398016667,-78.17813333,6.02,1307,male,melpomene,plesseni,black,haplotagging
CAM016694,,El Topo  Banos - Puyo road ,-1.398016667,-78.17813333,6.02,1307,male,melpomene,plesseni,black,haplotagging
CAM016695,,El Topo  Banos - Puyo road ,-1.398016667,-78.17813333,6.02,1307,male,melpomene,plesseni,black,haplotagging
CAM016696,,El Topo  Banos - Puyo road ,-1.398016667,-78.17813333,6.02,1307,female,melpomene,plesseni,black,haplotagging
CAM016697,,El Topo  Banos - Puyo road ,-1.398016667,-78.17813333,6.02,1307,male,melpomene,plesseni,black,haplotagging
CAM016698,,El Topo  Banos - Puyo road ,-1.398016667,-78.17813333,6.02,1307,female,melpomene,plesseni,black,haplotagging
CAM016701,,El Topo  Banos - Puyo road ,-1.398016667,-78.17813333,6.02,1307,male,melpomene,plesseni,black,haplotagging
CAM016045,,Mangayacu,-1.437116667,-78.12288333,8.65,1239,female,erato,notabilis,black,haplotagging
CAM016046,,Mangayacu,-1.437116667,-78.12288333,8.65,1239,male,erato,notabilis,black,haplotagging
CAM016047,,Mangayacu,-1.437116667,-78.12288333,8.65,1239,female,erato,notabilis,black,haplotagging
CAM016048,,Mangayacu,-1.437116667,-78.12288333,8.65,1239,male,erato,notabilis,black,haplotagging
CAM016872,,Mangayacu,-1.437116667,-78.12288333,8.65,1239,male,erato,notabilis,black,haplotagging
CAM016873,,Mangayacu,-1.437116667,-78.12288333,8.65,1239,female,erato,notabilis,black,haplotagging
CAM016875,,Mangayacu,-1.437116667,-78.12288333,8.65,1239,female,erato,notabilis,black,haplotagging
CAM016876,,Mangayacu,-1.437116667,-78.12288333,8.65,1239,male,erato,notabilis,black,haplotagging
CAM016877,,Mangayacu,-1.437116667,-78.12288333,8.65,1239,male,erato,notabilis,black,haplotagging
CAM016879,,Mangayacu,-1.437116667,-78.12288333,8.65,1239,male,erato,notabilis,black,haplotagging
CAM016881,,Mangayacu,-1.437116667,-78.12288333,8.65,1239,male,erato,notabilis,black,haplotagging
CAM016882,,Mangayacu,-1.437116667,-78.12288333,8.65,1239,female,erato,notabilis,black,haplotagging
CAM016883,,Mangayacu,-1.437116667,-78.12288333,8.65,1239,female,erato,notabilis,black,haplotagging
CAM016885,,Mangayacu,-1.437116667,-78.12288333,8.65,1239,male,erato,notabilis,black,haplotagging
CAM016886,,Mangayacu,-1.437116667,-78.12288333,8.65,1239,female,erato,notabilis,black,haplotagging
CAM016898,,Mangayacu,-1.437116667,-78.12288333,8.65,1239,female,erato,notabilis,black,haplotagging
CAM016899,,Mangayacu,-1.437116667,-78.12288333,8.65,1239,male,erato,notabilis,black,haplotagging
CAM016900,,Mangayacu,-1.437116667,-78.12288333,8.65,1239,male,erato,notabilis,black,haplotagging
CAM016901,,Mangayacu,-1.437116667,-78.12288333,8.65,1239,male,erato,notabilis,black,haplotagging
CAM017320,,Mangayacu,-1.437116667,-78.12288333,8.65,1239,male,erato,notabilis,black,haplotagging
CAM016736,,Pindo-Mirador,-1.459966667,-78.0728,11.82,1227,female,erato,hybrid,hyrbid,haplotagging
CAM017257,,Pindo-Mirador,-1.459966667,-78.0728,11.82,1227,female,melpomene,hybrid,hyrbid,haplotagging
CAM016287,,Pindo-Mirador,-1.459966667,-78.0728,11.82,1227,female,melpomene,plesseni,black,haplotagging
CAM016734,,Pindo-Mirador,-1.459966667,-78.0728,11.82,1227,male,melpomene,plesseni,black,haplotagging
CAM016737,,Pindo-Mirador,-1.459966667,-78.0728,11.82,1227,female,melpomene,plesseni,black,haplotagging
CAM016738,,Pindo-Mirador,-1.459966667,-78.0728,11.82,1227,male,melpomene,plesseni,black,haplotagging
CAM016739,,Pindo-Mirador,-1.459966667,-78.0728,11.82,1227,female,melpomene,plesseni,black,haplotagging
CAM017352,,Pindo-Mirador,-1.459966667,-78.0728,11.82,1227,male,melpomene,plesseni,black,haplotagging
CAM017353,,Pindo-Mirador,-1.459966667,-78.0728,11.82,1227,male,melpomene,plesseni,black,haplotagging
CAM017356,,Pindo-Mirador,-1.459966667,-78.0728,11.82,1227,male,melpomene,plesseni,black,haplotagging
CAM017357,,Pindo-Mirador,-1.459966667,-78.0728,11.82,1227,male,melpomene,plesseni,black,haplotagging
CAM017363,,Pindo-Mirador,-1.459966667,-78.0728,11.82,1227,male,melpomene,plesseni,black,haplotagging
CAM017364,,Pindo-Mirador,-1.459966667,-78.0728,11.82,1227,male,melpomene,plesseni,black,haplotagging
CAM017371,,Pindo-Mirador,-1.459966667,-78.0728,11.82,1227,male,melpomene,plesseni,black,haplotagging
CAM017372,,Pindo-Mirador,-1.459966667,-78.0728,11.82,1227,male,melpomene,plesseni,black,haplotagging
CAM017373,,Pindo-Mirador,-1.459966667,-78.0728,11.82,1227,female,melpomene,plesseni,black,haplotagging
CAM017376,,Pindo-Mirador,-1.459966667,-78.0728,11.82,1227,female,melpomene,plesseni,black,haplotagging
CAM016338,,Fatima 2,-1.425866667,-78.0182,18.97,1058,male,melpomene,hybrid,hyrbid,haplotagging
CAM016339,,Fatima 2,-1.425866667,-78.0182,18.97,1058,male,melpomene,hybrid,hyrbid,haplotagging
CAM016340,,Fatima 2,-1.425866667,-78.0182,18.97,1058,male,melpomene,hybrid,hyrbid,haplotagging
CAM016341,,Fatima 2,-1.425866667,-78.0182,18.97,1058,male,melpomene,hybrid,hyrbid,haplotagging
CAM016350,,Fatima 2,-1.425866667,-78.0182,18.97,1058,male,melpomene,hybrid,hyrbid,haplotagging
CAM016323,,Fatima 2,-1.425866667,-78.0182,18.97,1058,male,melpomene,plesseni,black,haplotagging
CAM016324,,Fatima 2,-1.425866667,-78.0182,18.97,1058,male,melpomene,plesseni,black,haplotagging
CAM016347,,Fatima 2,-1.425866667,-78.0182,18.97,1058,female,melpomene,plesseni,black,haplotagging
CAM016349,,Fatima 2,-1.425866667,-78.0182,18.97,1058,female,melpomene,plesseni,black,haplotagging
CAM016354,,Fatima 2,-1.425866667,-78.0182,18.97,1058,male,melpomene,plesseni,black,haplotagging
CAM016355,,Fatima 2,-1.425866667,-78.0182,18.97,1058,male,melpomene,plesseni,black,haplotagging
CAM016378,,Fatima 2,-1.425866667,-78.0182,18.97,1058,male,melpomene,plesseni,black,haplotagging
CAM016102,,Fatima-Jatun Paccha Km1.6,-1.42925,-77.98665,21.65,991,female,erato,hybrid,hyrbid,haplotagging
CAM016105,,Fatima-Jatun Paccha Km1.6,-1.42925,-77.98665,21.65,991,female,erato,hybrid,hyrbid,haplotagging
CAM016150,,Colonia 4deAgosto,-1.2408,-77.96093333,35.79,939,female,erato,hybrid,hyrbid,haplotagging
CAM016151,,Colonia 4deAgosto,-1.2408,-77.96093333,35.79,939,female,erato,hybrid,hyrbid,haplotagging
CAM016174,,Colonia 4deAgosto,-1.2408,-77.96093333,35.79,939,female,erato,hybrid,hyrbid,haplotagging
CAM016406,,Km19 Colonia Llandia 2,-1.346666667,-77.96011667,29.25,995,male,melpomene,hybrid,hyrbid,haplotagging
CAM016407,,Km19 Colonia Llandia 2,-1.346666667,-77.96011667,29.25,995,male,melpomene,hybrid,hyrbid,haplotagging
CAM016408,,Km19 Colonia Llandia 2,-1.346666667,-77.96011667,29.25,995,male,melpomene,hybrid,hyrbid,haplotagging
CAM016409,,Km19 Colonia Llandia 2,-1.346666667,-77.96011667,29.25,995,male,melpomene,hybrid,hyrbid,haplotagging
CAM017209,,Km19 Colonia Llandia 2,-1.346666667,-77.96011667,29.25,995,male,melpomene,hybrid,hyrbid,haplotagging
CAM016082,,Km19 Colonia Llandia 2,-1.346666667,-77.96011667,29.25,995,male,melpomene,plesseni,black,haplotagging
CAM016404,,Km19 Colonia Llandia 2,-1.346666667,-77.96011667,29.25,995,male,melpomene,plesseni,black,haplotagging
CAM016079,,Km19 Colonia Llandia 2,-1.346666667,-77.96011667,29.25,995,female,erato,hybrid,hyrbid,haplotagging
CAM016410,,Km19 Colonia Llandia 2,-1.346666667,-77.96011667,29.25,995,male,erato,hybrid,hyrbid,haplotagging
CAM016415,,Km19 Colonia Llandia 2,-1.346666667,-77.96011667,29.25,995,male,erato,hybrid,hyrbid,haplotagging
CAM017191,,Km19 Colonia Llandia 2,-1.346666667,-77.96011667,29.25,995,male,erato,hybrid,hyrbid,haplotagging
CAM017192,,Km19 Colonia Llandia 2,-1.346666667,-77.96011667,29.25,995,male,erato,hybrid,hyrbid,haplotagging
CAM017201,,Km19 Colonia Llandia 2,-1.346666667,-77.96011667,29.25,995,male,erato,hybrid,hyrbid,haplotagging
CAM017206,,Km19 Colonia Llandia 2,-1.346666667,-77.96011667,29.25,995,male,erato,hybrid,hyrbid,haplotagging
CAM016066,,Km19 Colonia Llandia Km1.2,-1.362283333,-77.95943333,28.34,1041,male,melpomene,hybrid,hyrbid,haplotagging
CAM016393,,Km19 Colonia Llandia Km1.2,-1.362283333,-77.95943333,28.34,1041,male,melpomene,hybrid,hyrbid,haplotagging
CAM016394,,Km19 Colonia Llandia Km1.2,-1.362283333,-77.95943333,28.34,1041,female,melpomene,hybrid,hyrbid,haplotagging
CAM016422,,Km19 Colonia Llandia Km1.2,-1.362283333,-77.95943333,28.34,1041,male,melpomene,hybrid,hyrbid,haplotagging
CAM016073,,Km19 Colonia Llandia Km1.2,-1.362283333,-77.95943333,28.34,1041,male,melpomene,plesseni,black,haplotagging
CAM017215,,Km19 Colonia Llandia Km1.2,-1.362283333,-77.95943333,28.34,1041,male,erato,hybrid,hyrbid,haplotagging
CAM016167,,Via Colonia 4deAgosto Km8.2,-1.246316667,-77.94273333,37.11,750,female,erato,hybrid,hyrbid,haplotagging
CAM016168,,Via Colonia 4deAgosto Km8.2,-1.246316667,-77.94273333,37.11,750,female,erato,hybrid,hyrbid,haplotagging
CAM016169,,Via Colonia 4deAgosto Km8.2,-1.246316667,-77.94273333,37.11,750,male,erato,hybrid,hyrbid,haplotagging
CAM016170,,Via Colonia 4deAgosto Km8.2,-1.246316667,-77.94273333,37.11,750,male,erato,hybrid,hyrbid,haplotagging
CAM016171,,Via Colonia 4deAgosto Km8.2,-1.246316667,-77.94273333,37.11,750,male,erato,hybrid,hyrbid,haplotagging
CAM016172,,Via Colonia 4deAgosto Km8.2,-1.246316667,-77.94273333,37.11,750,male,erato,hybrid,hyrbid,haplotagging
CAM016012,,Km25 Llandia,-1.333316667,-77.93405,32.48,953,female,melpomene,hybrid,hyrbid,haplotagging
CAM016302,,Km25 Llandia,-1.333316667,-77.93405,32.48,953,male,erato,hybrid,hyrbid,haplotagging
CAM016303,,Km25 Llandia,-1.333316667,-77.93405,32.48,953,male,erato,hybrid,hyrbid,haplotagging
CAM016306,,Km25 Llandia,-1.333316667,-77.93405,32.48,953,male,melpomene,hybrid,hyrbid,haplotagging
CAM016307,,Km25 Llandia,-1.333316667,-77.93405,32.48,953,male,erato,hybrid,hyrbid,haplotagging
CAM016308,,Km25 Llandia,-1.333316667,-77.93405,32.48,953,male,erato,hybrid,hyrbid,haplotagging
CAM016309,,Km25 Llandia,-1.333316667,-77.93405,32.48,953,male,melpomene,hybrid,hyrbid,haplotagging
CAM016310,,Km25 Llandia,-1.333316667,-77.93405,32.48,953,male,erato,hybrid,hyrbid,haplotagging
CAM016311,,Km25 Llandia,-1.333316667,-77.93405,32.48,953,female,erato,hybrid,hyrbid,haplotagging
CAM016312,,Km25 Llandia,-1.333316667,-77.93405,32.48,953,male,melpomene,hybrid,hyrbid,haplotagging
CAM016313,,Km25 Llandia,-1.333316667,-77.93405,32.48,953,male,melpomene,hybrid,hyrbid,haplotagging
CAM016314,,Km25 Llandia,-1.333316667,-77.93405,32.48,953,female,erato,hybrid,hyrbid,haplotagging
CAM016316,,Km25 Llandia,-1.333316667,-77.93405,32.48,953,male,erato,hybrid,hyrbid,haplotagging
CAM016317,,Km25 Llandia,-1.333316667,-77.93405,32.48,953,male,erato,hybrid,hyrbid,haplotagging
CAM017218,,Km25 Llandia,-1.333316667,-77.93405,32.48,953,female,erato,hybrid,hyrbid,haplotagging
CAM017220,,Km25 Llandia,-1.333316667,-77.93405,32.48,953,female,erato,hybrid,hyrbid,haplotagging
CAM017222,,Km25 Llandia,-1.333316667,-77.93405,32.48,953,female,erato,hybrid,hyrbid,haplotagging
CAM017224,,Km25 Llandia,-1.333316667,-77.93405,32.48,953,male,erato,hybrid,hyrbid,haplotagging
CAM017225,,Km25 Llandia,-1.333316667,-77.93405,32.48,953,female,erato,hybrid,hyrbid,haplotagging
CAM017226,,Km25 Llandia,-1.333316667,-77.93405,32.48,953,female,erato,hybrid,hyrbid,haplotagging
CAM017229,,Km25 Llandia,-1.333316667,-77.93405,32.48,953,male,erato,hybrid,hyrbid,haplotagging
CAM017230,,Km25 Llandia,-1.333316667,-77.93405,32.48,953,male,erato,hybrid,hyrbid,haplotagging
CAM017231,,Km25 Llandia,-1.333316667,-77.93405,32.48,953,male,melpomene,hybrid,hyrbid,haplotagging
CAM017232,,Km25 Llandia,-1.333316667,-77.93405,32.48,953,male,melpomene,hybrid,hyrbid,haplotagging
CAM017234,,Km25 Llandia,-1.333316667,-77.93405,32.48,953,female,erato,hybrid,hyrbid,haplotagging
CAM017235,,Km25 Llandia,-1.333316667,-77.93405,32.48,953,male,erato,hybrid,hyrbid,haplotagging
CAM016110,,Fatima-Jatun Paccha Km11.7,-1.409933333,-77.91535,29.41,988,male,erato,hybrid,hyrbid,haplotagging
CAM016112,,Fatima-Jatun Paccha Km11.7,-1.409933333,-77.91535,29.41,988,female,erato,hybrid,hyrbid,haplotagging
CAM016813,,Fatima-Jatun Paccha Km11.7,-1.409933333,-77.91535,29.41,988,male,erato,hybrid,hyrbid,haplotagging
CAM016816,,Fatima-Jatun Paccha Km11.7,-1.409933333,-77.91535,29.41,988,male,erato,hybrid,hyrbid,haplotagging
CAM016924,,Fatima-Jatun Paccha Km11.7,-1.409933333,-77.91535,29.41,988,male,erato,hybrid,hyrbid,haplotagging
CAM016927,,Fatima-Jatun Paccha Km11.7,-1.409933333,-77.91535,29.41,988,male,erato,hybrid,hyrbid,haplotagging
CAM016111,,Fatima-JatunPaccha Km11.7,-1.409933333,-77.91535,29.41,988,male,melpomene,hybrid,hyrbid,haplotagging
CAM016808,,Fatima-JatunPaccha Km11.7,-1.409933333,-77.91535,29.41,988,male,melpomene,hybrid,hyrbid,haplotagging
CAM016809,,Fatima-JatunPaccha Km11.7,-1.409933333,-77.91535,29.41,988,male,melpomene,hybrid,hyrbid,haplotagging
CAM016819,,Fatima-JatunPaccha Km11.7,-1.409933333,-77.91535,29.41,988,male,melpomene,hybrid,hyrbid,haplotagging
CAM016820,,Fatima-JatunPaccha Km11.7,-1.409933333,-77.91535,29.41,988,male,melpomene,hybrid,hyrbid,haplotagging
CAM016923,,Fatima-JatunPaccha Km11.7,-1.409933333,-77.91535,29.41,988,male,melpomene,hybrid,hyrbid,haplotagging
CAM016810,,Fatima-JatunPaccha Km11.7,-1.409933333,-77.91535,29.41,988,female,melpomene,plesseni,black,haplotagging
CAM016823,,Antenas del Calvario,-1.511616667,-77.9114,,1056,male,erato,hybrid,hyrbid,haplotagging
CAM016824,,Antenas del Calvario,-1.511616667,-77.9114,,1056,male,erato,hybrid,hyrbid,haplotagging
CAM016827,,Antenas del Calvario,-1.511616667,-77.9114,,1056,male,erato,hybrid,hyrbid,haplotagging
CAM016832,,Antenas del Calvario,-1.511616667,-77.9114,,1056,female,erato,hybrid,hyrbid,haplotagging
CAM016049,,Km37 SanFcoDeLlandia Km3.3,-1.306233333,-77.90983333,36.39,839,female,erato,hybrid,hyrbid,haplotagging
CAM016051,,Km37 SanFcoDeLlandia Km3.3,-1.306233333,-77.90983333,36.39,839,male,erato,hybrid,hyrbid,haplotagging
CAM016052,,Km37 SanFcoDeLlandia Km3.3,-1.306233333,-77.90983333,36.39,839,male,erato,hybrid,hyrbid,haplotagging
CAM016053,,Km37 SanFcoDeLlandia Km3.3,-1.306233333,-77.90983333,36.39,839,male,erato,hybrid,hyrbid,haplotagging
CAM016054,,Km37 SanFcoDeLlandia Km3.3,-1.306233333,-77.90983333,36.39,839,male,erato,hybrid,hyrbid,haplotagging
CAM016055,,Km37 SanFcoDeLlandia Km3.3,-1.306233333,-77.90983333,36.39,839,male,melpomene,hybrid,hyrbid,haplotagging
CAM016634,,Km37 SanFcoDeLlandia Km3.3,-1.306233333,-77.90983333,36.39,839,male,erato,hybrid,hyrbid,haplotagging
CAM016635,,Km37 SanFcoDeLlandia Km3.3,-1.306233333,-77.90983333,36.39,839,male,erato,hybrid,hyrbid,haplotagging
CAM016636,,Km37 SanFcoDeLlandia Km3.3,-1.306233333,-77.90983333,36.39,839,male,erato,hybrid,hyrbid,haplotagging
CAM016638,,Km37 SanFcoDeLlandia Km3.3,-1.306233333,-77.90983333,36.39,839,male,erato,hybrid,hyrbid,haplotagging
CAM016639,,Km37 SanFcoDeLlandia Km3.3,-1.306233333,-77.90983333,36.39,839,male,erato,hybrid,hyrbid,haplotagging
CAM016640,,Km37 SanFcoDeLlandia Km3.3,-1.306233333,-77.90983333,36.39,839,male,erato,hybrid,hyrbid,haplotagging
CAM016641,,Km37 SanFcoDeLlandia Km3.3,-1.306233333,-77.90983333,36.39,839,male,erato,hybrid,hyrbid,haplotagging
CAM016642,,Km37 SanFcoDeLlandia Km3.3,-1.306233333,-77.90983333,36.39,839,female,erato,hybrid,hyrbid,haplotagging
CAM016643,,Km37 SanFcoDeLlandia Km3.3,-1.306233333,-77.90983333,36.39,839,female,erato,hybrid,hyrbid,haplotagging
CAM016644,,Km37 SanFcoDeLlandia Km3.3,-1.306233333,-77.90983333,36.39,839,male,erato,hybrid,hyrbid,haplotagging
CAM016645,,Km37 SanFcoDeLlandia Km3.3,-1.306233333,-77.90983333,36.39,839,male,erato,hybrid,hyrbid,haplotagging
CAM016646,,Km37 SanFcoDeLlandia Km3.3,-1.306233333,-77.90983333,36.39,839,female,erato,hybrid,hyrbid,haplotagging
CAM016647,,Km37 SanFcoDeLlandia Km3.3,-1.306233333,-77.90983333,36.39,839,male,erato,hybrid,hyrbid,haplotagging
CAM016648,,Km37 SanFcoDeLlandia Km3.3,-1.306233333,-77.90983333,36.39,839,female,erato,hybrid,hyrbid,haplotagging
CAM016649,,Km37 SanFcoDeLlandia Km3.3,-1.306233333,-77.90983333,36.39,839,male,erato,hybrid,hyrbid,haplotagging
CAM016650,,Km37 SanFcoDeLlandia Km3.3,-1.306233333,-77.90983333,36.39,839,male,erato,hybrid,hyrbid,haplotagging
CAM016651,,Km37 SanFcoDeLlandia Km3.3,-1.306233333,-77.90983333,36.39,839,male,erato,hybrid,hyrbid,haplotagging
CAM016652,,Km37 SanFcoDeLlandia Km3.3,-1.306233333,-77.90983333,36.39,839,male,erato,hybrid,hyrbid,haplotagging
CAM016654,,Km37 SanFcoDeLlandia Km3.3,-1.306233333,-77.90983333,36.39,839,male,melpomene,hybrid,hyrbid,haplotagging
CAM016655,,Km37 SanFcoDeLlandia Km3.3,-1.306233333,-77.90983333,36.39,839,female,melpomene,hybrid,hyrbid,haplotagging
CAM016656,,Km37 SanFcoDeLlandia Km3.3,-1.306233333,-77.90983333,36.39,839,male,melpomene,hybrid,hyrbid,haplotagging
CAM016657,,Km37 SanFcoDeLlandia Km3.3,-1.306233333,-77.90983333,36.39,839,female,melpomene,hybrid,hyrbid,haplotagging
CAM016658,,Km37 SanFcoDeLlandia Km3.3,-1.306233333,-77.90983333,36.39,839,male,melpomene,hybrid,hyrbid,haplotagging
CAM016660,,Km37 SanFcoDeLlandia Km3.3,-1.306233333,-77.90983333,36.39,839,female,melpomene,hybrid,hyrbid,haplotagging
CAM016661,,Km37 SanFcoDeLlandia Km3.3,-1.306233333,-77.90983333,36.39,839,male,melpomene,hybrid,hyrbid,haplotagging
CAM016664,,Km37 SanFcoDeLlandia Km3.3,-1.306233333,-77.90983333,36.39,839,female,erato,hybrid,hyrbid,haplotagging
CAM016665,,Km37 SanFcoDeLlandia Km3.3,-1.306233333,-77.90983333,36.39,839,male,erato,hybrid,hyrbid,haplotagging
CAM016666,,Km37 SanFcoDeLlandia Km3.3,-1.306233333,-77.90983333,36.39,839,female,erato,hybrid,hyrbid,haplotagging
CAM016667,,Km37 SanFcoDeLlandia Km3.3,-1.306233333,-77.90983333,36.39,839,female,erato,hybrid,hyrbid,haplotagging
CAM016668,,Km37 SanFcoDeLlandia Km3.3,-1.306233333,-77.90983333,36.39,839,male,erato,hybrid,hyrbid,haplotagging
CAM016669,,Km37 SanFcoDeLlandia Km3.3,-1.306233333,-77.90983333,36.39,839,female,erato,hybrid,hyrbid,haplotagging
CAM016670,,Km37 SanFcoDeLlandia Km3.3,-1.306233333,-77.90983333,36.39,839,male,erato,hybrid,hyrbid,haplotagging
CAM016671,,Km37 SanFcoDeLlandia Km3.3,-1.306233333,-77.90983333,36.39,839,female,erato,hybrid,hyrbid,haplotagging
CAM016672,,Km37 SanFcoDeLlandia Km3.3,-1.306233333,-77.90983333,36.39,839,female,melpomene,hybrid,hyrbid,haplotagging
CAM016681,,Km37 SanFcoDeLlandia Km3.3,-1.306233333,-77.90983333,36.39,839,male,erato,hybrid,hyrbid,haplotagging
CAM017328,,Km37 SanFcoDeLlandia Km3.3,-1.306233333,-77.90983333,36.39,839,male,erato,hybrid,hyrbid,haplotagging
CAM017329,,Km37 SanFcoDeLlandia Km3.3,-1.306233333,-77.90983333,36.39,839,female,melpomene,hybrid,hyrbid,haplotagging
CAM017330,,Km37 SanFcoDeLlandia Km3.3,-1.306233333,-77.90983333,36.39,839,female,erato,hybrid,hyrbid,haplotagging
CAM017331,,Km37 SanFcoDeLlandia Km3.3,-1.306233333,-77.90983333,36.39,839,female,erato,hybrid,hyrbid,haplotagging
CAM017332,,Km37 SanFcoDeLlandia Km3.3,-1.306233333,-77.90983333,36.39,839,male,erato,hybrid,hyrbid,haplotagging
CAM017333,,Km37 SanFcoDeLlandia Km3.3,-1.306233333,-77.90983333,36.39,839,male,erato,hybrid,hyrbid,haplotagging
CAM017334,,Km37 SanFcoDeLlandia Km3.3,-1.306233333,-77.90983333,36.39,839,male,erato,hybrid,hyrbid,haplotagging
CAM017335,,Km37 SanFcoDeLlandia Km3.3,-1.306233333,-77.90983333,36.39,839,male,melpomene,hybrid,hyrbid,haplotagging
CAM017337,,Km37 SanFcoDeLlandia Km3.3,-1.306233333,-77.90983333,36.39,839,male,erato,hybrid,hyrbid,haplotagging
CAM017338,,Km37 SanFcoDeLlandia Km3.3,-1.306233333,-77.90983333,36.39,839,male,erato,hybrid,hyrbid,haplotagging
CAM017339,,Km37 SanFcoDeLlandia Km3.3,-1.306233333,-77.90983333,36.39,839,female,erato,hybrid,hyrbid,haplotagging
CAM017340,,Km37 SanFcoDeLlandia Km3.3,-1.306233333,-77.90983333,36.39,839,male,erato,hybrid,hyrbid,haplotagging
CAM017341,,Km37 SanFcoDeLlandia Km3.3,-1.306233333,-77.90983333,36.39,839,male,erato,hybrid,hyrbid,haplotagging
CAM017343,,Km37 SanFcoDeLlandia Km3.3,-1.306233333,-77.90983333,36.39,839,female,erato,hybrid,hyrbid,haplotagging
CAM017345,,Km37 SanFcoDeLlandia Km3.3,-1.306233333,-77.90983333,36.39,839,female,melpomene,hybrid,hyrbid,haplotagging
CAM017346,,Km37 SanFcoDeLlandia Km3.3,-1.306233333,-77.90983333,36.39,839,female,erato,hybrid,hyrbid,haplotagging
CAM017347,,Km37 SanFcoDeLlandia Km3.3,-1.306233333,-77.90983333,36.39,839,male,erato,hybrid,hyrbid,haplotagging
CAM017348,,Km37 SanFcoDeLlandia Km3.3,-1.306233333,-77.90983333,36.39,839,male,erato,hybrid,hyrbid,haplotagging
CAM017349,,Km37 SanFcoDeLlandia Km3.3,-1.306233333,-77.90983333,36.39,839,male,erato,hybrid,hyrbid,haplotagging
CAM017350,,Km37 SanFcoDeLlandia Km3.3,-1.306233333,-77.90983333,36.39,839,female,erato,hybrid,hyrbid,haplotagging
CAM017351,,Km37 SanFcoDeLlandia Km3.3,-1.306233333,-77.90983333,36.39,839,male,melpomene,hybrid,hyrbid,haplotagging
CAM017604,,Km37 SanFcoDeLlandia Km3.3,-1.306233333,-77.90983333,36.39,839,male,erato,hybrid,hyrbid,haplotagging
CAM017605,,Km37 SanFcoDeLlandia Km3.3,-1.306233333,-77.90983333,36.39,839,male,melpomene,hybrid,hyrbid,haplotagging
CAM017606,,Km37 SanFcoDeLlandia Km3.3,-1.306233333,-77.90983333,36.39,839,female,erato,hybrid,hyrbid,haplotagging
CAM017607,,Km37 SanFcoDeLlandia Km3.3,-1.306233333,-77.90983333,36.39,839,male,erato,hybrid,hyrbid,haplotagging
CAM017608,,Km37 SanFcoDeLlandia Km3.3,-1.306233333,-77.90983333,36.39,839,male,erato,hybrid,hyrbid,haplotagging
CAM017609,,Km37 SanFcoDeLlandia Km3.3,-1.306233333,-77.90983333,36.39,839,male,erato,hybrid,hyrbid,haplotagging
CAM017610,,Km37 SanFcoDeLlandia Km3.3,-1.306233333,-77.90983333,36.39,839,male,erato,hybrid,hyrbid,haplotagging
CAM017611,,Km37 SanFcoDeLlandia Km3.3,-1.306233333,-77.90983333,36.39,839,male,melpomene,hybrid,hyrbid,haplotagging
CAM016637,,Km37 SanFcoDeLlandia Km3.3,-1.306233333,-77.90983333,36.39,839,female,erato,notabilis,black,haplotagging
CAM017342,,Km37 SanFcoDeLlandia Km3.3,-1.306233333,-77.90983333,36.39,839,female,erato,notabilis,black,haplotagging
CAM016162,,Via Colonia 4deAgosto 1,-1.2456,-77.90856667,40.3,638,male,erato,hybrid,hyrbid,haplotagging
CAM016163,,Via Colonia 4deAgosto 1,-1.2456,-77.90856667,40.3,638,male,erato,hybrid,hyrbid,haplotagging
CAM016164,,Via Colonia 4deAgosto 1,-1.2456,-77.90856667,40.3,638,male,erato,hybrid,hyrbid,haplotagging
CAM016084,,Km18 Comuna SanPablo,-1.38945,-77.90103333,32,955,male,melpomene,hybrid,hyrbid,haplotagging
CAM016087,,Km18 Comuna SanPablo,-1.38945,-77.90103333,32,955,female,melpomene,hybrid,hyrbid,haplotagging
CAM016089,,Km18 Comuna SanPablo,-1.38945,-77.90103333,32,955,male,melpomene,hybrid,hyrbid,haplotagging
CAM016092,,Km18 Comuna SanPablo,-1.38945,-77.90103333,32,955,male,melpomene,hybrid,hyrbid,haplotagging
CAM016097,,Km18 Comuna SanPablo,-1.38945,-77.90103333,32,955,male,melpomene,hybrid,hyrbid,haplotagging
CAM016098,,Km18 Comuna SanPablo,-1.38945,-77.90103333,32,955,male,melpomene,hybrid,hyrbid,haplotagging
CAM016100,,Km18 Comuna SanPablo,-1.38945,-77.90103333,32,955,male,melpomene,hybrid,hyrbid,haplotagging
CAM016088,,Km18 Comuna SanPablo,-1.38945,-77.90103333,32,955,female,erato,hybrid,hyrbid,haplotagging
CAM016091,,Km18 Comuna SanPablo,-1.38945,-77.90103333,32,955,male,erato,hybrid,hyrbid,haplotagging
CAM016094,,Km18 Comuna SanPablo,-1.38945,-77.90103333,32,955,female,erato,hybrid,hyrbid,haplotagging
CAM016096,,Km18 Comuna SanPablo,-1.38945,-77.90103333,32,955,male,erato,hybrid,hyrbid,haplotagging
CAM016099,,Km18 Comuna SanPablo,-1.38945,-77.90103333,32,955,female,erato,hybrid,hyrbid,haplotagging
CAM016740,,Km18 Comuna SanPablo,-1.38945,-77.90103333,32,955,male,erato,hybrid,hyrbid,haplotagging
CAM016741,,Km18 Comuna SanPablo,-1.38945,-77.90103333,32,955,male,erato,hybrid,hyrbid,haplotagging
CAM016744,,Km18 Comuna SanPablo,-1.38945,-77.90103333,32,955,male,erato,hybrid,hyrbid,haplotagging
CAM016745,,Km18 Comuna SanPablo,-1.38945,-77.90103333,32,955,male,erato,hybrid,hyrbid,haplotagging
CAM016749,,Km18 Comuna SanPablo,-1.38945,-77.90103333,32,955,female,erato,hybrid,hyrbid,haplotagging
CAM016114,,Via Colonia JuanDeVelasco Km1,-1.459233333,-77.8867,,994,male,erato,hybrid,hyrbid,haplotagging
CAM016115,,Via Colonia JuanDeVelasco Km1,-1.459233333,-77.8867,,994,female,erato,hybrid,hyrbid,haplotagging
CAM016121,,Via Colonia JuanDeVelasco Km1,-1.459233333,-77.8867,,994,male,erato,hybrid,hyrbid,haplotagging
CAM016124,,Via Colonia JuanDeVelasco Km1,-1.459233333,-77.8867,,994,female,erato,hybrid,hyrbid,haplotagging
CAM016019,,Km35 Antena,-1.291033333,-77.87736667,40.32,1064,male,erato,hybrid,hyrbid,haplotagging
CAM016020,,Km35 Antena,-1.291033333,-77.87736667,40.32,1064,male,erato,hybrid,hyrbid,haplotagging
CAM016021,,Km35 Antena,-1.291033333,-77.87736667,40.32,1064,male,erato,hybrid,hyrbid,haplotagging
CAM016022,,Km35 Antena,-1.291033333,-77.87736667,40.32,1064,male,erato,hybrid,hyrbid,haplotagging
CAM016023,,Km35 Antena,-1.291033333,-77.87736667,40.32,1064,male,erato,hybrid,hyrbid,haplotagging
CAM016024,,Km35 Antena,-1.291033333,-77.87736667,40.32,1064,female,erato,hybrid,hyrbid,haplotagging
CAM016025,,Km35 Antena,-1.291033333,-77.87736667,40.32,1064,male,erato,hybrid,hyrbid,haplotagging
CAM016026,,Km35 Antena,-1.291033333,-77.87736667,40.32,1064,male,erato,hybrid,hyrbid,haplotagging
CAM016027,,Km35 Antena,-1.291033333,-77.87736667,40.32,1064,female,erato,hybrid,hyrbid,haplotagging
CAM016028,,Km35 Antena,-1.291033333,-77.87736667,40.32,1064,male,erato,hybrid,hyrbid,haplotagging
CAM016029,,Km35 Antena,-1.291033333,-77.87736667,40.32,1064,male,erato,hybrid,hyrbid,haplotagging
CAM016030,,Km35 Antena,-1.291033333,-77.87736667,40.32,1064,male,erato,hybrid,hyrbid,haplotagging
CAM016031,,Km35 Antena,-1.291033333,-77.87736667,40.32,1064,male,erato,hybrid,hyrbid,haplotagging
CAM016032,,Km35 Antena,-1.291033333,-77.87736667,40.32,1064,female,erato,hybrid,hyrbid,haplotagging
CAM016033,,Km35 Antena,-1.291033333,-77.87736667,40.32,1064,female,erato,hybrid,hyrbid,haplotagging
CAM016034,,Km35 Antena,-1.291033333,-77.87736667,40.32,1064,female,erato,hybrid,hyrbid,haplotagging
CAM016035,,Km35 Antena,-1.291033333,-77.87736667,40.32,1064,male,erato,hybrid,hyrbid,haplotagging
CAM016521,,Km35 Antena,-1.291033333,-77.87736667,40.32,1064,male,erato,hybrid,hyrbid,haplotagging
CAM016522,,Km35 Antena,-1.291033333,-77.87736667,40.32,1064,female,erato,hybrid,hyrbid,haplotagging
CAM016523,,Km35 Antena,-1.291033333,-77.87736667,40.32,1064,male,erato,hybrid,hyrbid,haplotagging
CAM016524,,Km35 Antena,-1.291033333,-77.87736667,40.32,1064,male,erato,hybrid,hyrbid,haplotagging
CAM016525,,Km35 Antena,-1.291033333,-77.87736667,40.32,1064,male,erato,hybrid,hyrbid,haplotagging
CAM016526,,Km35 Antena,-1.291033333,-77.87736667,40.32,1064,male,erato,hybrid,hyrbid,haplotagging
CAM016527,,Km35 Antena,-1.291033333,-77.87736667,40.32,1064,male,erato,hybrid,hyrbid,haplotagging
CAM017141,,Km35 Antena,-1.291033333,-77.87736667,40.32,1064,female,erato,hybrid,hyrbid,haplotagging
CAM017142,,Km35 Antena,-1.291033333,-77.87736667,40.32,1064,female,erato,hybrid,hyrbid,haplotagging
CAM017143,,Km35 Antena,-1.291033333,-77.87736667,40.32,1064,male,erato,hybrid,hyrbid,haplotagging
CAM017144,,Km35 Antena,-1.291033333,-77.87736667,40.32,1064,male,erato,hybrid,hyrbid,haplotagging
CAM017145,,Km35 Antena,-1.291033333,-77.87736667,40.32,1064,male,erato,hybrid,hyrbid,haplotagging
CAM017146,,Km35 Antena,-1.291033333,-77.87736667,40.32,1064,male,erato,hybrid,hyrbid,haplotagging
CAM017147,,Km35 Antena,-1.291033333,-77.87736667,40.32,1064,male,erato,hybrid,hyrbid,haplotagging
CAM017148,,Km35 Antena,-1.291033333,-77.87736667,40.32,1064,female,erato,hybrid,hyrbid,haplotagging
CAM017149,,Km35 Antena,-1.291033333,-77.87736667,40.32,1064,male,erato,hybrid,hyrbid,haplotagging
CAM017150,,Km35 Antena,-1.291033333,-77.87736667,40.32,1064,male,erato,hybrid,hyrbid,haplotagging
CAM017151,,Km35 Antena,-1.291033333,-77.87736667,40.32,1064,male,erato,hybrid,hyrbid,haplotagging
CAM017296,,Km35 Antena,-1.291033333,-77.87736667,40.32,1064,male,erato,hybrid,hyrbid,haplotagging
CAM017297,,Km35 Antena,-1.291033333,-77.87736667,40.32,1064,male,erato,hybrid,hyrbid,haplotagging
CAM017298,,Km35 Antena,-1.291033333,-77.87736667,40.32,1064,male,erato,hybrid,hyrbid,haplotagging
CAM017300,,Km35 Antena,-1.291033333,-77.87736667,40.32,1064,female,erato,hybrid,hyrbid,haplotagging
CAM017301,,Km35 Antena,-1.291033333,-77.87736667,40.32,1064,female,erato,hybrid,hyrbid,haplotagging
CAM017302,,Km35 Antena,-1.291033333,-77.87736667,40.32,1064,male,erato,hybrid,hyrbid,haplotagging
CAM017303,,Km35 Antena,-1.291033333,-77.87736667,40.32,1064,male,erato,hybrid,hyrbid,haplotagging
CAM017306,,Km35 Antena,-1.291033333,-77.87736667,40.32,1064,male,erato,hybrid,hyrbid,haplotagging
CAM017307,,Km35 Antena,-1.291033333,-77.87736667,40.32,1064,male,erato,hybrid,hyrbid,haplotagging
CAM017308,,Km35 Antena,-1.291033333,-77.87736667,40.32,1064,female,erato,hybrid,hyrbid,haplotagging
CAM017309,,Km35 Antena,-1.291033333,-77.87736667,40.32,1064,male,erato,hybrid,hyrbid,haplotagging
CAM017310,,Km35 Antena,-1.291033333,-77.87736667,40.32,1064,female,erato,hybrid,hyrbid,haplotagging
CAM017311,,Km35 Antena,-1.291033333,-77.87736667,40.32,1064,female,erato,hybrid,hyrbid,haplotagging
CAM017312,,Km35 Antena,-1.291033333,-77.87736667,40.32,1064,male,erato,hybrid,hyrbid,haplotagging
CAM017314,,Km35 Antena,-1.291033333,-77.87736667,40.32,1064,male,erato,hybrid,hyrbid,haplotagging
CAM017315,,Km35 Antena,-1.291033333,-77.87736667,40.32,1064,female,erato,hybrid,hyrbid,haplotagging
CAM017316,,Km35 Antena,-1.291033333,-77.87736667,40.32,1064,male,erato,hybrid,hyrbid,haplotagging
CAM017317,,Km35 Antena,-1.291033333,-77.87736667,40.32,1064,male,erato,hybrid,hyrbid,haplotagging
CAM017318,,Km35 Antena,-1.291033333,-77.87736667,40.32,1064,male,erato,hybrid,hyrbid,haplotagging
CAM017319,,Km35 Antena,-1.291033333,-77.87736667,40.32,1064,male,erato,hybrid,hyrbid,haplotagging
CAM017601,,Km35 Antena,-1.291033333,-77.87736667,40.32,1064,male,erato,hybrid,hyrbid,haplotagging
CAM017602,,Km35 Antena,-1.291033333,-77.87736667,40.32,1064,male,erato,hybrid,hyrbid,haplotagging
CAM017603,,Km35 Antena,-1.291033333,-77.87736667,40.32,1064,male,erato,hybrid,hyrbid,haplotagging
CAM016042,,Col Mariscal I,-1.371266667,-77.87451667,35.57,961,male,melpomene,hybrid,hyrbid,haplotagging
CAM016043,,Col Mariscal I,-1.371266667,-77.87451667,35.57,961,male,melpomene,hybrid,hyrbid,haplotagging
CAM016128,,Sendero Colonia JuanDeVelasco,-1.475316667,-77.87033333,,856,male,erato,hybrid,hyrbid,haplotagging
CAM016129,,Sendero Colonia JuanDeVelasco,-1.475316667,-77.87033333,,856,male,erato,hybrid,hyrbid,haplotagging
CAM016138,,Sendero Colonia JuanDeVelasco,-1.475316667,-77.87033333,,856,female,erato,hybrid,hyrbid,haplotagging
CAM016139,,Sendero Colonia JuanDeVelasco,-1.475316667,-77.87033333,,856,male,erato,hybrid,hyrbid,haplotagging
CAM016140,,Sendero Colonia JuanDeVelasco,-1.475316667,-77.87033333,,856,male,erato,hybrid,hyrbid,haplotagging
CAM016189,,Km43 Sendero Colonia SanVicente ,-1.243283333,-77.86008333,44.89,845,male,melpomene,hybrid,hyrbid,haplotagging
CAM016191,,Km43 Sendero Colonia SanVicente ,-1.243283333,-77.86008333,44.89,845,male,melpomene,hybrid,hyrbid,haplotagging
CAM016195,,Km43 Sendero Colonia SanVicente ,-1.243283333,-77.86008333,44.89,845,male,melpomene,hybrid,hyrbid,haplotagging
CAM016196,,Km43 Sendero Colonia SanVicente ,-1.243283333,-77.86008333,44.89,845,female,melpomene,hybrid,hyrbid,haplotagging
CAM017040,,Km43 Sendero Colonia SanVicente ,-1.243283333,-77.86008333,44.89,845,male,melpomene,hybrid,hyrbid,haplotagging
CAM016190,,Km43 Sendero Colonia SanVicente ,-1.243283333,-77.86008333,44.89,845,male,melpomene,malleti,rayed,haplotagging
CAM017041,,Km43 Sendero Colonia SanVicente ,-1.243283333,-77.86008333,44.89,845,male,melpomene,malleti,rayed,haplotagging
CAM016176,,Km43 Sendero Colonia SanVicente ,-1.243283333,-77.86008333,44.89,845,male,erato,hybrid,hyrbid,haplotagging
CAM016177,,Km43 Sendero Colonia SanVicente ,-1.243283333,-77.86008333,44.89,845,male,erato,hybrid,hyrbid,haplotagging
CAM016178,,Km43 Sendero Colonia SanVicente ,-1.243283333,-77.86008333,44.89,845,male,erato,hybrid,hyrbid,haplotagging
CAM016179,,Km43 Sendero Colonia SanVicente ,-1.243283333,-77.86008333,44.89,845,female,erato,hybrid,hyrbid,haplotagging
CAM016180,,Km43 Sendero Colonia SanVicente ,-1.243283333,-77.86008333,44.89,845,female,erato,hybrid,hyrbid,haplotagging
CAM016181,,Km43 Sendero Colonia SanVicente ,-1.243283333,-77.86008333,44.89,845,female,erato,hybrid,hyrbid,haplotagging
CAM016182,,Km43 Sendero Colonia SanVicente ,-1.243283333,-77.86008333,44.89,845,female,erato,hybrid,hyrbid,haplotagging
CAM016184,,Km43 Sendero Colonia SanVicente ,-1.243283333,-77.86008333,44.89,845,female,erato,hybrid,hyrbid,haplotagging
CAM016185,,Km43 Sendero Colonia SanVicente ,-1.243283333,-77.86008333,44.89,845,male,erato,hybrid,hyrbid,haplotagging
CAM016186,,Km43 Sendero Colonia SanVicente ,-1.243283333,-77.86008333,44.89,845,male,erato,hybrid,hyrbid,haplotagging
CAM016187,,Km43 Sendero Colonia SanVicente ,-1.243283333,-77.86008333,44.89,845,male,erato,hybrid,hyrbid,haplotagging
CAM016188,,Km43 Sendero Colonia SanVicente ,-1.243283333,-77.86008333,44.89,845,female,erato,hybrid,hyrbid,haplotagging
CAM016192,,Km43 Sendero Colonia SanVicente ,-1.243283333,-77.86008333,44.89,845,male,erato,hybrid,hyrbid,haplotagging
CAM016193,,Km43 Sendero Colonia SanVicente ,-1.243283333,-77.86008333,44.89,845,female,erato,hybrid,hyrbid,haplotagging
CAM016194,,Km43 Sendero Colonia SanVicente ,-1.243283333,-77.86008333,44.89,845,male,erato,hybrid,hyrbid,haplotagging
CAM017031,,Km43 Sendero Colonia SanVicente ,-1.243283333,-77.86008333,44.89,845,male,erato,hybrid,hyrbid,haplotagging
CAM017032,,Km43 Sendero Colonia SanVicente ,-1.243283333,-77.86008333,44.89,845,male,erato,hybrid,hyrbid,haplotagging
CAM017033,,Km43 Sendero Colonia SanVicente ,-1.243283333,-77.86008333,44.89,845,male,erato,hybrid,hyrbid,haplotagging
CAM017034,,Km43 Sendero Colonia SanVicente ,-1.243283333,-77.86008333,44.89,845,female,erato,hybrid,hyrbid,haplotagging
CAM017036,,Km43 Sendero Colonia SanVicente ,-1.243283333,-77.86008333,44.89,845,male,erato,hybrid,hyrbid,haplotagging
CAM017037,,Km43 Sendero Colonia SanVicente ,-1.243283333,-77.86008333,44.89,845,male,erato,hybrid,hyrbid,haplotagging
CAM017038,,Km43 Sendero Colonia SanVicente ,-1.243283333,-77.86008333,44.89,845,male,erato,hybrid,hyrbid,haplotagging
CAM017039,,Km43 Sendero Colonia SanVicente ,-1.243283333,-77.86008333,44.89,845,male,erato,hybrid,hyrbid,haplotagging
CAM017042,,Km43 Sendero Colonia SanVicente ,-1.243283333,-77.86008333,44.89,845,male,erato,hybrid,hyrbid,haplotagging
CAM017044,,Km43 Sendero Colonia SanVicente ,-1.243283333,-77.86008333,44.89,845,male,erato,hybrid,hyrbid,haplotagging
CAM017045,,Km43 Sendero Colonia SanVicente ,-1.243283333,-77.86008333,44.89,845,male,erato,hybrid,hyrbid,haplotagging
CAM017046,,Km43 Sendero Colonia SanVicente ,-1.243283333,-77.86008333,44.89,845,female,erato,hybrid,hyrbid,haplotagging
CAM017274,,Km43 Sendero Colonia SanVicente ,-1.243283333,-77.86008333,44.89,845,male,erato,hybrid,hyrbid,haplotagging
CAM017275,,Km43 Sendero Colonia SanVicente ,-1.243283333,-77.86008333,44.89,845,male,erato,hybrid,hyrbid,haplotagging
CAM017276,,Km43 Sendero Colonia SanVicente ,-1.243283333,-77.86008333,44.89,845,male,erato,hybrid,hyrbid,haplotagging
CAM017277,,Km43 Sendero Colonia SanVicente ,-1.243283333,-77.86008333,44.89,845,male,erato,hybrid,hyrbid,haplotagging
CAM016861,,Col Mariscal II,-1.371166667,-77.85743333,37.14,900,male,melpomene,hybrid,hyrbid,haplotagging
CAM016863,,Col Mariscal II,-1.371166667,-77.85743333,37.14,900,female,melpomene,hybrid,hyrbid,haplotagging
CAM016865,,Col Mariscal II,-1.371166667,-77.85743333,37.14,900,male,melpomene,hybrid,hyrbid,haplotagging
CAM016867,,Col Mariscal II,-1.371166667,-77.85743333,37.14,900,female,melpomene,hybrid,hyrbid,haplotagging
CAM016869,,Col Mariscal II,-1.371166667,-77.85743333,37.14,900,male,melpomene,hybrid,hyrbid,haplotagging
CAM016862,,Colonia Mariscal II,-1.371166667,-77.85743333,37.14,900,female,erato,hybrid,hyrbid,haplotagging
CAM016864,,Colonia Mariscal II,-1.371166667,-77.85743333,37.14,900,male,erato,hybrid,hyrbid,haplotagging
CAM016866,,Colonia Mariscal II,-1.371166667,-77.85743333,37.14,900,male,erato,hybrid,hyrbid,haplotagging
CAM016036,,Km35 Sendero PtaSanCristobal,-1.290766667,-77.8419,43.59,947,male,melpomene,hybrid,hyrbid,haplotagging
CAM016039,,Km35 Sendero PtaSanCristobal,-1.290766667,-77.8419,43.59,947,male,erato,hybrid,hyrbid,haplotagging
CAM016500,,Km35 Sendero PtaSanCristobal,-1.290766667,-77.8419,43.59,947,male,melpomene,hybrid,hyrbid,haplotagging
CAM016503,,Km35 Sendero PtaSanCristobal,-1.290766667,-77.8419,43.59,947,male,melpomene,hybrid,hyrbid,haplotagging
CAM016505,,Km35 Sendero PtaSanCristobal,-1.290766667,-77.8419,43.59,947,male,melpomene,hybrid,hyrbid,haplotagging
CAM016507,,Km35 Sendero PtaSanCristobal,-1.290766667,-77.8419,43.59,947,male,erato,hybrid,hyrbid,haplotagging
CAM016508,,Km35 Sendero PtaSanCristobal,-1.290766667,-77.8419,43.59,947,male,melpomene,hybrid,hyrbid,haplotagging
CAM016509,,Km35 Sendero PtaSanCristobal,-1.290766667,-77.8419,43.59,947,male,melpomene,hybrid,hyrbid,haplotagging
CAM016510,,Km35 Sendero PtaSanCristobal,-1.290766667,-77.8419,43.59,947,male,melpomene,hybrid,hyrbid,haplotagging
CAM016511,,Km35 Sendero PtaSanCristobal,-1.290766667,-77.8419,43.59,947,male,melpomene,hybrid,hyrbid,haplotagging
CAM016512,,Km35 Sendero PtaSanCristobal,-1.290766667,-77.8419,43.59,947,female,erato,hybrid,hyrbid,haplotagging
CAM016513,,Km35 Sendero PtaSanCristobal,-1.290766667,-77.8419,43.59,947,female,erato,hybrid,hyrbid,haplotagging
CAM016514,,Km35 Sendero PtaSanCristobal,-1.290766667,-77.8419,43.59,947,female,erato,hybrid,hyrbid,haplotagging
CAM016515,,Km35 Sendero PtaSanCristobal,-1.290766667,-77.8419,43.59,947,female,erato,hybrid,hyrbid,haplotagging
CAM016517,,Km35 Sendero PtaSanCristobal,-1.290766667,-77.8419,43.59,947,female,erato,hybrid,hyrbid,haplotagging
CAM016518,,Km35 Sendero PtaSanCristobal,-1.290766667,-77.8419,43.59,947,male,erato,hybrid,hyrbid,haplotagging
CAM016520,,Km35 Sendero PtaSanCristobal,-1.290766667,-77.8419,43.59,947,female,erato,hybrid,hyrbid,haplotagging
CAM017152,,Km35 Sendero PtaSanCristobal,-1.290766667,-77.8419,43.59,947,female,melpomene,hybrid,hyrbid,haplotagging
CAM017153,,Km35 Sendero PtaSanCristobal,-1.290766667,-77.8419,43.59,947,male,melpomene,hybrid,hyrbid,haplotagging
CAM017155,,Km35 Sendero PtaSanCristobal,-1.290766667,-77.8419,43.59,947,male,melpomene,hybrid,hyrbid,haplotagging
CAM017157,,Km35 Sendero PtaSanCristobal,-1.290766667,-77.8419,43.59,947,male,erato,hybrid,hyrbid,haplotagging
CAM017158,,Km35 Sendero PtaSanCristobal,-1.290766667,-77.8419,43.59,947,male,erato,hybrid,hyrbid,haplotagging
CAM017159,,Km35 Sendero PtaSanCristobal,-1.290766667,-77.8419,43.59,947,female,erato,hybrid,hyrbid,haplotagging
CAM017160,,Km35 Sendero PtaSanCristobal,-1.290766667,-77.8419,43.59,947,female,erato,hybrid,hyrbid,haplotagging
CAM017424,,Km35 Sendero PtaSanCristobal,-1.290766667,-77.8419,43.59,947,male,erato,hybrid,hyrbid,haplotagging
CAM017425,,Km35 Sendero PtaSanCristobal,-1.290766667,-77.8419,43.59,947,female,erato,hybrid,hyrbid,haplotagging
CAM017426,,Km35 Sendero PtaSanCristobal,-1.290766667,-77.8419,43.59,947,female,erato,hybrid,hyrbid,haplotagging
CAM017427,,Km35 Sendero PtaSanCristobal,-1.290766667,-77.8419,43.59,947,male,erato,hybrid,hyrbid,haplotagging
CAM017429,,Km35 Sendero PtaSanCristobal,-1.290766667,-77.8419,43.59,947,female,erato,hybrid,hyrbid,haplotagging
CAM017431,,Km35 Sendero PtaSanCristobal,-1.290766667,-77.8419,43.59,947,male,melpomene,hybrid,hyrbid,haplotagging
CAM017432,,Km35 Sendero PtaSanCristobal,-1.290766667,-77.8419,43.59,947,male,erato,hybrid,hyrbid,haplotagging
CAM017433,,Km35 Sendero PtaSanCristobal,-1.290766667,-77.8419,43.59,947,male,erato,hybrid,hyrbid,haplotagging
CAM017435,,Km35 Sendero PtaSanCristobal,-1.290766667,-77.8419,43.59,947,female,erato,hybrid,hyrbid,haplotagging
CAM017436,,Km35 Sendero PtaSanCristobal,-1.290766667,-77.8419,43.59,947,male,erato,hybrid,hyrbid,haplotagging
CAM017437,,Km35 Sendero PtaSanCristobal,-1.290766667,-77.8419,43.59,947,female,melpomene,hybrid,hyrbid,haplotagging
CAM017438,,Km35 Sendero PtaSanCristobal,-1.290766667,-77.8419,43.59,947,male,erato,hybrid,hyrbid,haplotagging
CAM017439,,Km35 Sendero PtaSanCristobal,-1.290766667,-77.8419,43.59,947,male,erato,hybrid,hyrbid,haplotagging
CAM017440,,Km35 Sendero PtaSanCristobal,-1.290766667,-77.8419,43.59,947,male,melpomene,hybrid,hyrbid,haplotagging
CAM017441,,Km35 Sendero PtaSanCristobal,-1.290766667,-77.8419,43.59,947,male,erato,hybrid,hyrbid,haplotagging
CAM017443,,Km35 Sendero PtaSanCristobal,-1.290766667,-77.8419,43.59,947,male,erato,hybrid,hyrbid,haplotagging
CAM017444,,Km35 Sendero PtaSanCristobal,-1.290766667,-77.8419,43.59,947,female,erato,hybrid,hyrbid,haplotagging
CAM017445,,Km35 Sendero PtaSanCristobal,-1.290766667,-77.8419,43.59,947,female,erato,hybrid,hyrbid,haplotagging
CAM017446,,Km35 Sendero PtaSanCristobal,-1.290766667,-77.8419,43.59,947,female,erato,hybrid,hyrbid,haplotagging
CAM017447,,Km35 Sendero PtaSanCristobal,-1.290766667,-77.8419,43.59,947,male,erato,hybrid,hyrbid,haplotagging
CAM017428,,Km35 Sendero PtaSanCristobal,-1.290766667,-77.8419,43.59,947,male,erato,lativitta,rayed,haplotagging
CAM017154,,Km35 Sendero PtaSanCristobal,-1.290766667,-77.8419,43.59,947,female,melpomene,malleti,rayed,haplotagging
CAM016833,,Y de Taculin,-1.503183333,-77.83758333,,612,female,erato,hybrid,hyrbid,haplotagging
CAM016837,,Y de Taculin,-1.503183333,-77.83758333,,612,female,erato,hybrid,hyrbid,haplotagging
CAM016838,,Y de Taculin,-1.503183333,-77.83758333,,612,female,erato,hybrid,hyrbid,haplotagging
CAM016839,,Y de Taculin,-1.503183333,-77.83758333,,612,female,erato,hybrid,hyrbid,haplotagging
CAM016840,,Y de Taculin,-1.503183333,-77.83758333,,612,male,erato,hybrid,hyrbid,haplotagging
CAM016841,,Y de Taculin,-1.503183333,-77.83758333,,612,male,erato,hybrid,hyrbid,haplotagging
CAM016777,,Km31 Comuna Cajabamba,-1.338166667,-77.83538333,41.23,954,male,erato,hybrid,hyrbid,haplotagging
CAM016780,,Km31 Comuna Cajabamba,-1.338166667,-77.83538333,41.23,954,male,erato,hybrid,hyrbid,haplotagging
CAM016783,,Km31 Comuna Cajabamba,-1.338166667,-77.83538333,41.23,954,male,erato,hybrid,hyrbid,haplotagging
CAM016423,,El Capricho Km 5.7,-1.187816667,-77.83105,51.02,824,male,erato,hybrid,hyrbid,haplotagging
CAM016424,,El Capricho Km 5.7,-1.187816667,-77.83105,51.02,824,male,melpomene,hybrid,hyrbid,haplotagging
CAM016428,,El Capricho Km 5.7,-1.187816667,-77.83105,51.02,824,female,melpomene,hybrid,hyrbid,haplotagging
CAM016447,,El Capricho Km 5.7,-1.187816667,-77.83105,51.02,824,male,erato,hybrid,hyrbid,haplotagging
CAM016448,,El Capricho Km 5.7,-1.187816667,-77.83105,51.02,824,female,erato,hybrid,hyrbid,haplotagging
CAM016451,,El Capricho Km 5.7,-1.187816667,-77.83105,51.02,824,male,erato,hybrid,hyrbid,haplotagging
CAM016452,,El Capricho Km 5.7,-1.187816667,-77.83105,51.02,824,male,erato,hybrid,hyrbid,haplotagging
CAM016453,,El Capricho Km 5.7,-1.187816667,-77.83105,51.02,824,male,erato,hybrid,hyrbid,haplotagging
CAM016455,,El Capricho Km 5.7,-1.187816667,-77.83105,51.02,824,male,erato,hybrid,hyrbid,haplotagging
CAM016456,,El Capricho Km 5.7,-1.187816667,-77.83105,51.02,824,female,erato,hybrid,hyrbid,haplotagging
CAM016457,,El Capricho Km 5.7,-1.187816667,-77.83105,51.02,824,male,erato,hybrid,hyrbid,haplotagging
CAM016458,,El Capricho Km 5.7,-1.187816667,-77.83105,51.02,824,female,erato,hybrid,hyrbid,haplotagging
CAM016459,,El Capricho Km 5.7,-1.187816667,-77.83105,51.02,824,male,erato,hybrid,hyrbid,haplotagging
CAM016460,,El Capricho Km 5.7,-1.187816667,-77.83105,51.02,824,male,erato,hybrid,hyrbid,haplotagging
CAM016461,,El Capricho Km 5.7,-1.187816667,-77.83105,51.02,824,female,erato,hybrid,hyrbid,haplotagging
CAM016462,,El Capricho Km 5.7,-1.187816667,-77.83105,51.02,824,male,erato,hybrid,hyrbid,haplotagging
CAM016463,,El Capricho Km 5.7,-1.187816667,-77.83105,51.02,824,male,erato,hybrid,hyrbid,haplotagging
CAM016464,,El Capricho Km 5.7,-1.187816667,-77.83105,51.02,824,male,erato,hybrid,hyrbid,haplotagging
CAM016466,,El Capricho Km 5.7,-1.187816667,-77.83105,51.02,824,female,erato,hybrid,hyrbid,haplotagging
CAM016976,,El Capricho Km 5.7,-1.187816667,-77.83105,51.02,824,female,erato,hybrid,hyrbid,haplotagging
CAM016978,,El Capricho Km 5.7,-1.187816667,-77.83105,51.02,824,male,erato,hybrid,hyrbid,haplotagging
CAM016979,,El Capricho Km 5.7,-1.187816667,-77.83105,51.02,824,male,erato,hybrid,hyrbid,haplotagging
CAM016980,,El Capricho Km 5.7,-1.187816667,-77.83105,51.02,824,male,erato,hybrid,hyrbid,haplotagging
CAM016981,,El Capricho Km 5.7,-1.187816667,-77.83105,51.02,824,male,erato,hybrid,hyrbid,haplotagging
CAM016985,,El Capricho Km 5.7,-1.187816667,-77.83105,51.02,824,female,erato,hybrid,hyrbid,haplotagging
CAM016986,,El Capricho Km 5.7,-1.187816667,-77.83105,51.02,824,male,erato,hybrid,hyrbid,haplotagging
CAM016987,,El Capricho Km 5.7,-1.187816667,-77.83105,51.02,824,male,erato,hybrid,hyrbid,haplotagging
CAM016995,,El Capricho Km 5.7,-1.187816667,-77.83105,51.02,824,female,erato,hybrid,hyrbid,haplotagging
CAM016996,,El Capricho Km 5.7,-1.187816667,-77.83105,51.02,824,female,erato,hybrid,hyrbid,haplotagging
CAM016997,,El Capricho Km 5.7,-1.187816667,-77.83105,51.02,824,male,erato,hybrid,hyrbid,haplotagging
CAM017000,,El Capricho Km 5.7,-1.187816667,-77.83105,51.02,824,male,erato,hybrid,hyrbid,haplotagging
CAM017001,,El Capricho Km 5.7,-1.187816667,-77.83105,51.02,824,male,erato,hybrid,hyrbid,haplotagging
CAM017002,,El Capricho Km 5.7,-1.187816667,-77.83105,51.02,824,male,erato,hybrid,hyrbid,haplotagging
CAM017003,,El Capricho Km 5.7,-1.187816667,-77.83105,51.02,824,male,erato,hybrid,hyrbid,haplotagging
CAM017004,,El Capricho Km 5.7,-1.187816667,-77.83105,51.02,824,female,erato,hybrid,hyrbid,haplotagging
CAM017418,,El Capricho Km 5.7,-1.187816667,-77.83105,51.02,824,female,erato,hybrid,hyrbid,haplotagging
CAM017419,,El Capricho Km 5.7,-1.187816667,-77.83105,51.02,824,male,erato,hybrid,hyrbid,haplotagging
CAM017420,,El Capricho Km 5.7,-1.187816667,-77.83105,51.02,824,male,erato,hybrid,hyrbid,haplotagging
CAM017421,,El Capricho Km 5.7,-1.187816667,-77.83105,51.02,824,male,erato,hybrid,hyrbid,haplotagging
CAM017422,,El Capricho Km 5.7,-1.187816667,-77.83105,51.02,824,male,erato,hybrid,hyrbid,haplotagging
CAM016426,,El Capricho Km 5.7,-1.187816667,-77.83105,51.02,824,female,melpomene,malleti,rayed,haplotagging
CAM016465,,El Capricho Km 5.7,-1.187816667,-77.83105,51.02,824,female,melpomene,malleti,rayed,haplotagging
CAM016990,,El Capricho Km 5.7,-1.187816667,-77.83105,51.02,824,female,melpomene,malleti,rayed,haplotagging
CAM016226,,Rio Camagua?/Chontoa,-1.5818,-77.82098333,,638,female,erato,hybrid,hyrbid,haplotagging
CAM016228,,Rio Camagua?/Chontoa,-1.5818,-77.82098333,,638,male,melpomene,hybrid,hyrbid,haplotagging
CAM016229,,Rio Camagua?/Chontoa,-1.5818,-77.82098333,,638,male,erato,hybrid,hyrbid,haplotagging
CAM016231,,Rio Camagua?/Chontoa,-1.5818,-77.82098333,,638,male,erato,hybrid,hyrbid,haplotagging
CAM016232,,Rio Camagua?/Chontoa,-1.5818,-77.82098333,,638,male,erato,hybrid,hyrbid,haplotagging
CAM016233,,Rio Camagua?/Chontoa,-1.5818,-77.82098333,,638,female,erato,hybrid,hyrbid,haplotagging
CAM016236,,Rio Camagua?/Chontoa,-1.5818,-77.82098333,,638,male,erato,hybrid,hyrbid,haplotagging
CAM016750,,San Pedro de Puni,-1.25185,-77.8196,48.07,931,male,erato,hybrid,hyrbid,haplotagging
CAM016751,,San Pedro de Puni,-1.25185,-77.8196,48.07,931,male,melpomene,hybrid,hyrbid,haplotagging
CAM016752,,San Pedro de Puni,-1.25185,-77.8196,48.07,931,male,erato,hybrid,hyrbid,haplotagging
CAM016753,,San Pedro de Puni,-1.25185,-77.8196,48.07,931,female,melpomene,hybrid,hyrbid,haplotagging
CAM016754,,San Pedro de Puni,-1.25185,-77.8196,48.07,931,male,melpomene,hybrid,hyrbid,haplotagging
CAM016755,,San Pedro de Puni,-1.25185,-77.8196,48.07,931,male,erato,hybrid,hyrbid,haplotagging
CAM016756,,San Pedro de Puni,-1.25185,-77.8196,48.07,931,male,erato,hybrid,hyrbid,haplotagging
CAM016757,,San Pedro de Puni,-1.25185,-77.8196,48.07,931,female,erato,hybrid,hyrbid,haplotagging
CAM016758,,San Pedro de Puni,-1.25185,-77.8196,48.07,931,male,erato,hybrid,hyrbid,haplotagging
CAM016759,,San Pedro de Puni,-1.25185,-77.8196,48.07,931,female,erato,hybrid,hyrbid,haplotagging
CAM016760,,San Pedro de Puni,-1.25185,-77.8196,48.07,931,female,erato,hybrid,hyrbid,haplotagging
CAM016761,,San Pedro de Puni,-1.25185,-77.8196,48.07,931,male,erato,hybrid,hyrbid,haplotagging
CAM016762,,San Pedro de Puni,-1.25185,-77.8196,48.07,931,male,erato,hybrid,hyrbid,haplotagging
CAM016763,,San Pedro de Puni,-1.25185,-77.8196,48.07,931,female,erato,hybrid,hyrbid,haplotagging
CAM016764,,San Pedro de Puni,-1.25185,-77.8196,48.07,931,male,erato,hybrid,hyrbid,haplotagging
CAM016765,,San Pedro de Puni,-1.25185,-77.8196,48.07,931,male,melpomene,hybrid,hyrbid,haplotagging
CAM016767,,San Pedro de Puni,-1.25185,-77.8196,48.07,931,female,erato,hybrid,hyrbid,haplotagging
CAM016768,,San Pedro de Puni,-1.25185,-77.8196,48.07,931,male,erato,hybrid,hyrbid,haplotagging
CAM016769,,San Pedro de Puni,-1.25185,-77.8196,48.07,931,female,melpomene,hybrid,hyrbid,haplotagging
CAM016771,,San Pedro de Puni,-1.25185,-77.8196,48.07,931,male,erato,hybrid,hyrbid,haplotagging
CAM016766,,San Pedro de Puni,-1.25185,-77.8196,48.07,931,male,melpomene,malleti,rayed,haplotagging
CAM016784,,Km31 bajada Rio Arajuno,-1.321816667,-77.80981667,44.6,908,male,erato,hybrid,hyrbid,haplotagging
CAM016786,,Km31 bajada Rio Arajuno,-1.321816667,-77.80981667,44.6,908,male,erato,hybrid,hyrbid,haplotagging
CAM016787,,Km31 bajada Rio Arajuno,-1.321816667,-77.80981667,44.6,908,male,erato,hybrid,hyrbid,haplotagging
CAM016788,,Km31 bajada Rio Arajuno,-1.321816667,-77.80981667,44.6,908,male,erato,hybrid,hyrbid,haplotagging
CAM016789,,Km31 bajada Rio Arajuno,-1.321816667,-77.80981667,44.6,908,male,erato,hybrid,hyrbid,haplotagging
CAM016790,,Km31 bajada Rio Arajuno,-1.321816667,-77.80981667,44.6,908,male,erato,hybrid,hyrbid,haplotagging
CAM016791,,Km31 bajada Rio Arajuno,-1.321816667,-77.80981667,44.6,908,male,erato,hybrid,hyrbid,haplotagging
CAM016793,,Km31 bajada Rio Arajuno,-1.321816667,-77.80981667,44.6,908,male,erato,hybrid,hyrbid,haplotagging
CAM016794,,Km31 bajada Rio Arajuno,-1.321816667,-77.80981667,44.6,908,female,erato,hybrid,hyrbid,haplotagging
CAM016795,,Km31 bajada Rio Arajuno,-1.321816667,-77.80981667,44.6,908,female,erato,hybrid,hyrbid,haplotagging
CAM016796,,Km31 bajada Rio Arajuno,-1.321816667,-77.80981667,44.6,908,male,erato,hybrid,hyrbid,haplotagging
CAM016842,,Rio Llushcayacu,-1.402133333,-77.79738333,,1034,female,erato,hybrid,hyrbid,haplotagging
CAM016845,,Rio Llushcayacu,-1.402133333,-77.79738333,,1034,male,erato,hybrid,hyrbid,haplotagging
CAM016848,,Rio Llushcayacu,-1.402133333,-77.79738333,,1034,male,erato,hybrid,hyrbid,haplotagging
CAM016850,,Rio Llushcayacu,-1.402133333,-77.79738333,,1034,female,erato,hybrid,hyrbid,haplotagging
CAM016852,,Rio Llushcayacu,-1.402133333,-77.79738333,,1034,female,erato,hybrid,hyrbid,haplotagging
CAM016853,,Rio Llushcayacu,-1.402133333,-77.79738333,,1034,male,erato,hybrid,hyrbid,haplotagging
CAM016855,,Rio Llushcayacu,-1.402133333,-77.79738333,,1034,male,erato,hybrid,hyrbid,haplotagging
CAM017050,,Luz de America Km 11.5,-1.16835,-77.78111667,56.82,665,female,erato,hybrid,hyrbid,haplotagging
CAM017051,,Luz de America Km 11.5,-1.16835,-77.78111667,56.82,665,male,erato,hybrid,hyrbid,haplotagging
CAM017052,,Luz de America Km 11.5,-1.16835,-77.78111667,56.82,665,male,erato,hybrid,hyrbid,haplotagging
CAM017054,,Luz de America Km 11.5,-1.16835,-77.78111667,56.82,665,male,erato,hybrid,hyrbid,haplotagging
CAM017055,,Luz de America Km 11.5,-1.16835,-77.78111667,56.82,665,male,erato,hybrid,hyrbid,haplotagging
CAM017056,,Luz de America Km 11.5,-1.16835,-77.78111667,56.82,665,female,erato,hybrid,hyrbid,haplotagging
CAM017057,,Luz de America Km 11.5,-1.16835,-77.78111667,56.82,665,male,erato,hybrid,hyrbid,haplotagging
CAM017058,,Luz de America Km 11.5,-1.16835,-77.78111667,56.82,665,male,erato,hybrid,hyrbid,haplotagging
CAM017059,,Luz de America Km 11.5,-1.16835,-77.78111667,56.82,665,male,erato,hybrid,hyrbid,haplotagging
CAM017062,,Luz de America Km 11.5,-1.16835,-77.78111667,56.82,665,male,erato,hybrid,hyrbid,haplotagging
CAM017063,,Luz de America Km 11.5,-1.16835,-77.78111667,56.82,665,male,erato,hybrid,hyrbid,haplotagging
CAM017065,,Luz de America Km 11.5,-1.16835,-77.78111667,56.82,665,male,erato,hybrid,hyrbid,haplotagging
CAM017074,,Luz de America Km 11.5,-1.16835,-77.78111667,56.82,665,male,erato,hybrid,hyrbid,haplotagging
CAM017127,,Luz de America Km 11.5,-1.16835,-77.78111667,56.82,665,male,erato,hybrid,hyrbid,haplotagging
CAM017129,,Luz de America Km 11.5,-1.16835,-77.78111667,56.82,665,male,erato,hybrid,hyrbid,haplotagging
CAM017130,,Luz de America Km 11.5,-1.16835,-77.78111667,56.82,665,male,erato,hybrid,hyrbid,haplotagging
CAM017132,,Luz de America Km 11.5,-1.16835,-77.78111667,56.82,665,female,erato,hybrid,hyrbid,haplotagging
CAM017133,,Luz de America Km 11.5,-1.16835,-77.78111667,56.82,665,male,erato,hybrid,hyrbid,haplotagging
CAM017265,,Luz de America Km 11.5,-1.16835,-77.78111667,56.82,665,male,erato,hybrid,hyrbid,haplotagging
CAM017266,,Luz de America Km 11.5,-1.16835,-77.78111667,56.82,665,male,erato,hybrid,hyrbid,haplotagging
CAM017270,,Luz de America Km 11.5,-1.16835,-77.78111667,56.82,665,male,erato,hybrid,hyrbid,haplotagging
CAM017280,,Luz de America Km 11.5,-1.16835,-77.78111667,56.82,665,female,erato,hybrid,hyrbid,haplotagging
CAM017281,,Luz de America Km 11.5,-1.16835,-77.78111667,56.82,665,male,erato,hybrid,hyrbid,haplotagging
CAM017053,,LuzDeAmerica Km 11.5,-1.16835,-77.78111667,56.82,665,male,melpomene,hybrid,hyrbid,haplotagging
CAM017067,,LuzDeAmerica Km 11.5,-1.16835,-77.78111667,56.82,665,male,melpomene,hybrid,hyrbid,haplotagging
CAM017068,,LuzDeAmerica Km 11.5,-1.16835,-77.78111667,56.82,665,male,melpomene,hybrid,hyrbid,haplotagging
19N0295,Y9,Apuya 2.7km,-1.115566667,-77.77833333,,579,female,erato,lativitta,rayed,cg
19N0308,Y11,Apuya 2.7km,-1.115566667,-77.77833333,,579,female,erato,lativitta,rayed,cg
19N0320,Y7,Apuya 4km,-1.115566667,-77.77833333,,610,female,erato,lativitta,rayed,cg
19N0661,Y6,Apuya 4km,-1.115566667,-77.77833333,,610,female,erato,lativitta,rayed,cg
19N0670,Y4,Apuya 4km,-1.115566667,-77.77833333,,610,female,erato,lativitta,rayed,cg
CAM041854,27,banos_insectary,-1.401225,-78.286212,,1600,female,erato,lativitta,rayed,cg
19N0296,C3,Campococha,-1.092111111,-77.54627778,,454,female,erato,lativitta,rayed,cg
19N0022,H2,Challua Yaku Grande,-0.718583333,-77.69297222,,990,female,erato,lativitta,rayed,cg
19N0847,L1,El Capricho 5.7km,-1.187816667,-77.83105,,824,female,erato,lativitta,rayed,cg
19N0309,N7,Finca Narupa bridge,-0.72516,-77.76736,,1150,female,erato,lativitta,rayed,cg
19N1347,N17,Finca Narupa bridge,-0.72516,-77.76736,,1150,female,erato,lativitta,rayed,cg
19N1397,N24,Finca Narupa bridge,-0.72516,-77.76736,,1150,female,erato,lativitta,rayed,cg
18N0614,K6,Ikiam,-0.948557,-77.86605,,615,female,erato,lativitta,rayed,cg
18N602,K1,Ikiam,-0.948557,-77.86605,,615,female,erato,lativitta,rayed,cg
19N0285,K7,Ikiam,-0.948557,-77.86605,,615,female,erato,lativitta,rayed,cg
19N0326,K12,Ikiam,-0.948557,-77.86605,,615,female,erato,lativitta,rayed,cg
19N0332,K13,Ikiam,-0.948557,-77.86605,,615,female,erato,lativitta,rayed,cg
19N0695,K17,Ikiam,-0.948557,-77.86605,,615,female,erato,lativitta,rayed,cg
CAM041509,18,Ikiam Mariposario,-0.948557,-77.86605,,600,female,erato,lativitta,rayed,cg
CAM041510,19,Ikiam Mariposario,-0.948557,-77.86605,,600,female,erato,lativitta,rayed,cg
CAM041568,21,Ikiam Mariposario,-0.948557,-77.86605,,600,female,erato,lativitta,rayed,cg
CAM041891,24,Ikiam Mariposario,-0.948557,-77.86605,,600,female,erato,lativitta,rayed,cg
CAM017128,,LuzDeAmerica Km 11.5,-1.16835,-77.78111667,56.82,665,male,melpomene,hybrid,hyrbid,haplotagging
CAM017264,,LuzDeAmerica Km 11.5,-1.16835,-77.78111667,56.82,665,male,melpomene,hybrid,hyrbid,haplotagging
CAM017267,,LuzDeAmerica Km 11.5,-1.16835,-77.78111667,56.82,665,male,melpomene,hybrid,hyrbid,haplotagging
CAM017282,,LuzDeAmerica Km 11.5,-1.16835,-77.78111667,56.82,665,female,melpomene,hybrid,hyrbid,haplotagging
CAM017064,,LuzDeAmerica Km 11.5,-1.16835,-77.78111667,56.82,665,male,melpomene,malleti,rayed,haplotagging
CAM017069,,LuzDeAmerica Km 11.5,-1.16835,-77.78111667,56.82,665,male,melpomene,malleti,rayed,haplotagging
CAM017071,,LuzDeAmerica Km 11.5,-1.16835,-77.78111667,56.82,665,male,melpomene,malleti,rayed,haplotagging
CAM017134,,LuzDeAmerica Km 11.5,-1.16835,-77.78111667,56.82,665,female,melpomene,malleti,rayed,haplotagging
CAM017136,,LuzDeAmerica Km 11.5,-1.16835,-77.78111667,56.82,665,male,melpomene,malleti,rayed,haplotagging
CAM017137,,LuzDeAmerica Km 11.5,-1.16835,-77.78111667,56.82,665,male,melpomene,malleti,rayed,haplotagging
19N0283,M22,La Mina Negra,-0.720027778,-77.74708333,,1326,female,erato,lativitta,rayed,cg
CAM041473,14,Limoncocha - El Carmen 1,-1.09256,-77.54583,,458,female,erato,lativitta,rayed,cg
CAM041478,16,Limoncocha - El Carmen 2,-1.08937,-77.54254,,429,female,erato,lativitta,rayed,cg
CAM041479,17,Limoncocha - El Carmen 2,-1.08937,-77.54254,,429,female,erato,lativitta,rayed,cg
CAM017268,,LuzDeAmerica Km 11.5,-1.16835,-77.78111667,56.82,665,male,melpomene,malleti,rayed,haplotagging
CAM017272,,LuzDeAmerica Km 11.5,-1.16835,-77.78111667,56.82,665,male,melpomene,malleti,rayed,haplotagging
CAM016208,,Apuya Km2.7,-1.115566667,-77.77833333,60.38,579,female,erato,hybrid,hyrbid,haplotagging
CAM016212,,Apuya Km2.7,-1.115566667,-77.77833333,60.38,579,male,erato,hybrid,hyrbid,haplotagging
CAM016213,,Apuya Km2.7,-1.115566667,-77.77833333,60.38,579,female,erato,hybrid,hyrbid,haplotagging
CAM016215,,Apuya Km2.7,-1.115566667,-77.77833333,60.38,579,male,erato,hybrid,hyrbid,haplotagging
CAM016221,,Apuya Km2.7,-1.115566667,-77.77833333,60.38,579,female,erato,hybrid,hyrbid,haplotagging
CAM016577,,Apuya Km2.7,-1.115566667,-77.77833333,60.38,579,female,erato,hybrid,hyrbid,haplotagging
CAM016578,,Apuya Km2.7,-1.115566667,-77.77833333,60.38,579,male,erato,hybrid,hyrbid,haplotagging
CAM041585,22,"Reserva Narupa, bridge",-0.724668,-77.767994,,1120,female,erato,lativitta,rayed,cg
CAM041354,2,Reventador road,-0.01876,-77.52574,,1312,female,erato,lativitta,rayed,cg
CAM041393,8,Reventador road 2,-0.004433,-77.506167,,1348,female,erato,lativitta,rayed,cg
CAM041429,10,Reventador road 2,-0.004433,-77.506167,,1348,female,erato,lativitta,rayed,cg
CAM041833,7,Reventador road 2,-0.004433,-77.506167,,1348,female,erato,lativitta,rayed,cg
19N0004,P16,Rio Pusuno,-1.025694444,-77.60475,,375,female,erato,lativitta,rayed,cg
19N0007,P15,Rio Pusuno,-1.025694444,-77.60475,,375,female,erato,lativitta,rayed,cg
19N0282,P17,Rio Pusuno,-1.025694444,-77.60475,,375,female,erato,lativitta,rayed,cg
19N0631,P18,Rio Pusuno,-1.025694444,-77.60475,,375,female,erato,lativitta,rayed,cg
19N0810,P30,Rio Pusuno,-1.025694444,-77.60475,,375,female,erato,lativitta,rayed,cg
19N1181,P28,Rio Pusuno,-1.025694444,-77.60475,,375,female,erato,lativitta,rayed,cg
19N1238,P22,Rio Pusuno,-1.025694444,-77.60475,,375,female,erato,lativitta,rayed,cg
19N1395,P29,Rio Pusuno,-1.025694444,-77.60475,,375,female,erato,lativitta,rayed,cg
19N1413,P31,Rio Pusuno,-1.025694444,-77.60475,,375.2088,female,erato,lativitta,rayed,cg
19N1445,P42,Rio Pusuno,-1.025694444,-77.60475,,375.2088,female,erato,lativitta,rayed,cg
CAM041848,20,Road to Shalcana Loma,-1.057317,-77.7018,,429,female,erato,lativitta,rayed,cg
18N0651,A3,San Pedro de Arajuno,-1.09759,-77.58389,,405,female,erato,lativitta,rayed,cg
19N0270,A4,San Pedro de Arajuno,-1.09759,-77.58389,,405,female,erato,lativitta,rayed,cg
19N0685,A6,San Pedro de Arajuno,-1.09759,-77.58389,,405,female,erato,lativitta,rayed,cg
19N0694,A7,San Pedro de Arajuno,-1.09759,-77.58389,,405,female,erato,lativitta,rayed,cg
19N1211,A5,San Pedro de Arajuno,-1.09759,-77.58389,,405,female,erato,lativitta,rayed,cg
CAM016580,,Apuya Km2.7,-1.115566667,-77.77833333,60.38,579,male,erato,hybrid,hyrbid,haplotagging
19N1123,T1,Shitig,-0.905718,-77.873174,,800,female,erato,lativitta,rayed,cg
19N1188,T2,Shitig,-0.905718,-77.873174,,800,female,erato,lativitta,rayed,cg
CAM016582,,Apuya Km2.7,-1.115566667,-77.77833333,60.38,579,male,erato,hybrid,hyrbid,haplotagging
CAM016584,,Apuya Km2.7,-1.115566667,-77.77833333,60.38,579,female,erato,hybrid,hyrbid,haplotagging
CAM016585,,Apuya Km2.7,-1.115566667,-77.77833333,60.38,579,male,erato,hybrid,hyrbid,haplotagging
CAM016588,,Apuya Km2.7,-1.115566667,-77.77833333,60.38,579,male,erato,hybrid,hyrbid,haplotagging
CAM016590,,Apuya Km2.7,-1.115566667,-77.77833333,60.38,579,male,erato,hybrid,hyrbid,haplotagging
CAM016602,,Apuya Km2.7,-1.115566667,-77.77833333,60.38,579,male,melpomene,hybrid,hyrbid,haplotagging
CAM016608,,Apuya Km2.7,-1.115566667,-77.77833333,60.38,579,male,melpomene,hybrid,hyrbid,haplotagging
CAM016930,,Apuya Km2.7,-1.115566667,-77.77833333,60.38,579,male,erato,hybrid,hyrbid,haplotagging
CAM016947,,Apuya Km2.7,-1.115566667,-77.77833333,60.38,579,male,erato,hybrid,hyrbid,haplotagging
19N0275,U1,cr. Pununo,-1.034777778,-77.65658333,,490,female,melpomene,malleti,rayed,cg
CAM016961,,Apuya Km2.7,-1.115566667,-77.77833333,60.38,579,female,erato,hybrid,hyrbid,haplotagging
CAM016964,,Apuya Km2.7,-1.115566667,-77.77833333,60.38,579,male,erato,hybrid,hyrbid,haplotagging
CAM016965,,Apuya Km2.7,-1.115566667,-77.77833333,60.38,579,male,erato,hybrid,hyrbid,haplotagging
CAM016968,,Apuya Km2.7,-1.115566667,-77.77833333,60.38,579,female,erato,hybrid,hyrbid,haplotagging
CAM016969,,Apuya Km2.7,-1.115566667,-77.77833333,60.38,579,male,erato,hybrid,hyrbid,haplotagging
CAM016970,,Apuya Km2.7,-1.115566667,-77.77833333,60.38,579,female,erato,hybrid,hyrbid,haplotagging
CAM016197,,Apuya Km2.7,-1.115566667,-77.77833333,60.38,579,male,melpomene,malleti,rayed,haplotagging
19N0319,K11,Ikiam,-0.948557,-77.86605,,615,female,melpomene,malleti,rayed,cg
19N0787,K19,Ikiam,-0.948557,-77.86605,,615,female,melpomene,malleti,rayed,cg
19N0981,K20,Ikiam,-0.948557,-77.86605,,615,female,melpomene,malleti,rayed,cg
CAM016205,,Apuya Km2.7,-1.115566667,-77.77833333,60.38,579,female,melpomene,malleti,rayed,haplotagging
CAM016595,,Apuya Km2.7,-1.115566667,-77.77833333,60.38,579,male,melpomene,malleti,rayed,haplotagging
CAM016598,,Apuya Km2.7,-1.115566667,-77.77833333,60.38,579,male,melpomene,malleti,rayed,haplotagging
CAM016599,,Apuya Km2.7,-1.115566667,-77.77833333,60.38,579,female,melpomene,malleti,rayed,haplotagging
CAM016606,,Apuya Km2.7,-1.115566667,-77.77833333,60.38,579,male,melpomene,malleti,rayed,haplotagging
CAM016609,,Apuya Km2.7,-1.115566667,-77.77833333,60.38,579,female,melpomene,malleti,rayed,haplotagging
CAM016611,,Apuya Km2.7,-1.115566667,-77.77833333,60.38,579,male,melpomene,malleti,rayed,haplotagging
CAM016954,,Apuya Km2.7,-1.115566667,-77.77833333,60.38,579,female,melpomene,malleti,rayed,haplotagging
CAM016955,,Apuya Km2.7,-1.115566667,-77.77833333,60.38,579,male,melpomene,malleti,rayed,haplotagging
CAM016956,,Apuya Km2.7,-1.115566667,-77.77833333,60.38,579,male,melpomene,malleti,rayed,haplotagging
CAM016145,,Via Triunfo-Villano-Parahua,-1.41605,-77.72901667,,857,male,erato,hybrid,hyrbid,haplotagging
CAM017018,,Colonia 20deEnero,-1.091566667,-77.71995,67.24,459,male,melpomene,hybrid,hyrbid,haplotagging
CAM017123,,Colonia 20deEnero,-1.091566667,-77.71995,67.24,459,male,melpomene,hybrid,hyrbid,haplotagging
CAM017125,,Colonia 20deEnero,-1.091566667,-77.71995,67.24,459,male,melpomene,hybrid,hyrbid,haplotagging
CAM017019,,Colonia 20deEnero,-1.091566667,-77.71995,67.24,459,male,melpomene,malleti,rayed,haplotagging
CAM017117,,Colonia 20deEnero,-1.091566667,-77.71995,67.24,459,male,melpomene,malleti,rayed,haplotagging
CAM017121,,Colonia 20deEnero,-1.091566667,-77.71995,67.24,459,male,melpomene,malleti,rayed,haplotagging
19N0281,M21,La Mina Negra,-0.720027778,-77.74708333,,1326,female,melpomene,malleti,rayed,cg
19N0301,M27,La Mina Negra,-0.720027778,-77.74708333,,1326,female,melpomene,malleti,rayed,cg
19N0341,M23,La Mina Negra,-0.720027778,-77.74708333,,1326,female,melpomene,malleti,rayed,cg
19N0528,M38,La Mina Negra,-0.720027778,-77.74708333,,1326,female,melpomene,malleti,rayed,cg
19N0657,M51,La Mina Negra,-0.720027778,-77.74708333,,1326,female,melpomene,malleti,rayed,cg
19N0692,M54,La Mina Negra,-0.720027778,-77.74708333,,1326,female,melpomene,malleti,rayed,cg
19N0746,M39,La Mina Negra,-0.720027778,-77.74708333,,1326,female,melpomene,malleti,rayed,cg
19N1034,M50,La Mina Negra,-0.720027778,-77.74708333,,1326,female,melpomene,malleti,rayed,cg
19N1467,M55,La Mina Negra,-0.720027778,-77.74708333,,1326,female,melpomene,malleti,rayed,cg
19N1537,M66,La Mina Negra,-0.720027778,-77.74708333,,1326,female,melpomene,malleti,rayed,cg
CAM017010,,Colonia 20deEnero,-1.091566667,-77.71995,67.24,459,male,erato,hybrid,hyrbid,haplotagging
CAM017011,,Colonia 20deEnero,-1.091566667,-77.71995,67.24,459,male,erato,hybrid,hyrbid,haplotagging
CAM017020,,Colonia 20deEnero,-1.091566667,-77.71995,67.24,459,female,erato,hybrid,hyrbid,haplotagging
CAM017022,,Colonia 20deEnero,-1.091566667,-77.71995,67.24,459,male,erato,hybrid,hyrbid,haplotagging
CAM017023,,Colonia 20deEnero,-1.091566667,-77.71995,67.24,459,male,erato,hybrid,hyrbid,haplotagging
CAM017025,,Colonia 20deEnero,-1.091566667,-77.71995,67.24,459,male,erato,hybrid,hyrbid,haplotagging
CAM017028,,Colonia 20deEnero,-1.091566667,-77.71995,67.24,459,female,erato,hybrid,hyrbid,haplotagging
CAM017029,,Colonia 20deEnero,-1.091566667,-77.71995,67.24,459,female,erato,hybrid,hyrbid,haplotagging
CAM017109,,Colonia 20deEnero,-1.091566667,-77.71995,67.24,459,male,erato,hybrid,hyrbid,haplotagging
CAM017110,,Colonia 20deEnero,-1.091566667,-77.71995,67.24,459,male,erato,hybrid,hyrbid,haplotagging
CAM017114,,Colonia 20deEnero,-1.091566667,-77.71995,67.24,459,male,erato,hybrid,hyrbid,haplotagging
CAM017116,,Colonia 20deEnero,-1.091566667,-77.71995,67.24,459,male,erato,hybrid,hyrbid,haplotagging
CAM017118,,Colonia 20deEnero,-1.091566667,-77.71995,67.24,459,male,erato,hybrid,hyrbid,haplotagging
CAM017119,,Colonia 20deEnero,-1.091566667,-77.71995,67.24,459,male,erato,hybrid,hyrbid,haplotagging
19N0150,P1,Rio Pusuno,-1.025694444,-77.60475,,375,female,melpomene,malleti,rayed,cg
19N0206,P7,Rio Pusuno,-1.025694444,-77.60475,,375,female,melpomene,malleti,rayed,cg
19N0314,P12,Rio Pusuno,-1.025694444,-77.60475,,375,female,melpomene,malleti,rayed,cg
19N0599,P19,Rio Pusuno,-1.025694444,-77.60475,,375,female,melpomene,malleti,rayed,cg
19N0953,P34,Rio Pusuno,-1.025694444,-77.60475,,375,female,melpomene,malleti,rayed,cg
CAM017122,,Colonia 20deEnero,-1.091566667,-77.71995,67.24,459,male,erato,hybrid,hyrbid,haplotagging
CAM016146,,Sendero via Arajuno Km37,-1.377783333,-77.71058333,,1114,male,erato,hybrid,hyrbid,haplotagging
19N000,W1,Wildsumaco,-0.674638889,-77.60886111,,1522,female,melpomene,malleti,rayed,cg
19N0280,W8,Wildsumaco,-0.674638889,-77.60886111,,1522,female,melpomene,malleti,rayed,cg
19N0684,W13,Wildsumaco,-0.674638889,-77.60886111,,1522,female,melpomene,malleti,rayed,cg
CAM016147,,Sendero via Arajuno Km37,-1.377783333,-77.71058333,,1114,male,erato,hybrid,hyrbid,haplotagging
CAM016148,,Sendero via Arajuno Km37,-1.377783333,-77.71058333,,1114,male,erato,hybrid,hyrbid,haplotagging
CAM016149,,Sendero via Arajuno Km37,-1.377783333,-77.71058333,,1114,male,erato,hybrid,hyrbid,haplotagging
CAM016256,,Via Arajuno Km58.4,-1.250966667,-77.69885,59.22,606,male,erato,hybrid,hyrbid,haplotagging
CAM016258,,Via Arajuno Km58.4,-1.250966667,-77.69885,59.22,606,male,erato,hybrid,hyrbid,haplotagging
CAM016261,,Via Arajuno Km58.4,-1.250966667,-77.69885,59.22,606,male,erato,hybrid,hyrbid,haplotagging
CAM016262,,Via Arajuno Km58.4,-1.250966667,-77.69885,59.22,606,male,erato,hybrid,hyrbid,haplotagging
CAM016265,,Via Arajuno Km58.4,-1.250966667,-77.69885,59.22,606,female,erato,hybrid,hyrbid,haplotagging
CAM016270,,Via Arajuno Km58.4,-1.250966667,-77.69885,59.22,606,male,melpomene,hybrid,hyrbid,haplotagging
CAM016271,,Via Arajuno Km58.4,-1.250966667,-77.69885,59.22,606,male,erato,hybrid,hyrbid,haplotagging
CAM016272,,Via Arajuno Km58.4,-1.250966667,-77.69885,59.22,606,male,melpomene,hybrid,hyrbid,haplotagging
CAM016266,,Via Arajuno Km58.4,-1.250966667,-77.69885,59.22,606,male,melpomene,malleti,rayed,haplotagging
CAM016267,,Via Arajuno Km58.4,-1.250966667,-77.69885,59.22,606,male,melpomene,malleti,rayed,haplotagging
CAM016268,,Via Arajuno Km58.4,-1.250966667,-77.69885,59.22,606,male,melpomene,malleti,rayed,haplotagging
CAM016550,,Y de Misahualli,-1.061383333,-77.66843333,73.85,440,male,melpomene,hybrid,hyrbid,haplotagging
CAM016557,,Y de Misahualli,-1.061383333,-77.66843333,73.85,440,male,erato,hybrid,hyrbid,haplotagging
CAM016559,,Y de Misahualli,-1.061383333,-77.66843333,73.85,440,male,erato,hybrid,hyrbid,haplotagging
CAM016560,,Y de Misahualli,-1.061383333,-77.66843333,73.85,440,male,erato,hybrid,hyrbid,haplotagging
CAM016562,,Y de Misahualli,-1.061383333,-77.66843333,73.85,440,female,erato,hybrid,hyrbid,haplotagging
CAM016566,,Y de Misahualli,-1.061383333,-77.66843333,73.85,440,male,erato,hybrid,hyrbid,haplotagging
CAM017080,,Y de Misahualli,-1.061383333,-77.66843333,73.85,440,male,melpomene,hybrid,hyrbid,haplotagging
CAM017084,,Y de Misahualli,-1.061383333,-77.66843333,73.85,440,male,melpomene,hybrid,hyrbid,haplotagging
CAM017085,,Y de Misahualli,-1.061383333,-77.66843333,73.85,440,male,erato,hybrid,hyrbid,haplotagging
CAM017087,,Y de Misahualli,-1.061383333,-77.66843333,73.85,440,male,erato,hybrid,hyrbid,haplotagging
CAM017088,,Y de Misahualli,-1.061383333,-77.66843333,73.85,440,male,erato,hybrid,hyrbid,haplotagging
CAM017090,,Y de Misahualli,-1.061383333,-77.66843333,73.85,440,male,melpomene,hybrid,hyrbid,haplotagging
CAM017094,,Y de Misahualli,-1.061383333,-77.66843333,73.85,440,male,melpomene,hybrid,hyrbid,haplotagging
CAM017095,,Y de Misahualli,-1.061383333,-77.66843333,73.85,440,male,melpomene,hybrid,hyrbid,haplotagging
CAM017096,,Y de Misahualli,-1.061383333,-77.66843333,73.85,440,male,melpomene,hybrid,hyrbid,haplotagging
CAM017102,,Y de Misahualli,-1.061383333,-77.66843333,73.85,440,male,melpomene,hybrid,hyrbid,haplotagging
CAM017161,,Y de Misahualli,-1.061383333,-77.66843333,73.85,440,female,erato,hybrid,hyrbid,haplotagging
CAM017163,,Y de Misahualli,-1.061383333,-77.66843333,73.85,440,female,erato,hybrid,hyrbid,haplotagging
CAM017165,,Y de Misahualli,-1.061383333,-77.66843333,73.85,440,female,erato,hybrid,hyrbid,haplotagging
CAM017287,,Y de Misahualli,-1.061383333,-77.66843333,73.85,440,male,erato,hybrid,hyrbid,haplotagging
CAM017398,,Y de Misahualli,-1.061383333,-77.66843333,73.85,440,male,erato,hybrid,hyrbid,haplotagging
CAM016539,,Y de Misahualli,-1.061383333,-77.66843333,73.85,440,female,erato,lativitta,rayed,haplotagging
CAM016553,,Y de Misahualli,-1.061383333,-77.66843333,73.85,440,male,erato,lativitta,rayed,haplotagging
CAM016554,,Y de Misahualli,-1.061383333,-77.66843333,73.85,440,male,erato,lativitta,rayed,haplotagging
CAM016555,,Y de Misahualli,-1.061383333,-77.66843333,73.85,440,male,erato,lativitta,rayed,haplotagging
CAM016556,,Y de Misahualli,-1.061383333,-77.66843333,73.85,440,male,erato,lativitta,rayed,haplotagging
CAM016558,,Y de Misahualli,-1.061383333,-77.66843333,73.85,440,female,erato,lativitta,rayed,haplotagging
CAM016561,,Y de Misahualli,-1.061383333,-77.66843333,73.85,440,male,erato,lativitta,rayed,haplotagging
CAM016563,,Y de Misahualli,-1.061383333,-77.66843333,73.85,440,male,erato,lativitta,rayed,haplotagging
CAM016564,,Y de Misahualli,-1.061383333,-77.66843333,73.85,440,male,erato,lativitta,rayed,haplotagging
CAM016565,,Y de Misahualli,-1.061383333,-77.66843333,73.85,440,male,erato,lativitta,rayed,haplotagging
CAM017079,,Y de Misahualli,-1.061383333,-77.66843333,73.85,440,male,erato,lativitta,rayed,haplotagging
CAM017082,,Y de Misahualli,-1.061383333,-77.66843333,73.85,440,female,erato,lativitta,rayed,haplotagging
CAM017086,,Y de Misahualli,-1.061383333,-77.66843333,73.85,440,female,erato,lativitta,rayed,haplotagging
CAM017166,,Y de Misahualli,-1.061383333,-77.66843333,73.85,440,male,erato,lativitta,rayed,haplotagging
CAM017167,,Y de Misahualli,-1.061383333,-77.66843333,73.85,440,male,erato,lativitta,rayed,haplotagging
CAM017168,,Y de Misahualli,-1.061383333,-77.66843333,73.85,440,male,erato,lativitta,rayed,haplotagging
CAM017169,,Y de Misahualli,-1.061383333,-77.66843333,73.85,440,male,erato,lativitta,rayed,haplotagging
CAM017170,,Y de Misahualli,-1.061383333,-77.66843333,73.85,440,male,erato,lativitta,rayed,haplotagging
CAM017171,,Y de Misahualli,-1.061383333,-77.66843333,73.85,440,male,erato,lativitta,rayed,haplotagging
CAM017284,,Y de Misahualli,-1.061383333,-77.66843333,73.85,440,male,erato,lativitta,rayed,haplotagging
CAM017395,,Y de Misahualli,-1.061383333,-77.66843333,73.85,440,female,erato,lativitta,rayed,haplotagging
CAM017396,,Y de Misahualli,-1.061383333,-77.66843333,73.85,440,male,erato,lativitta,rayed,haplotagging
CAM017397,,Y de Misahualli,-1.061383333,-77.66843333,73.85,440,male,erato,lativitta,rayed,haplotagging
CAM017399,,Y de Misahualli,-1.061383333,-77.66843333,73.85,440,male,erato,lativitta,rayed,haplotagging
CAM016538,,Y de Misahualli,-1.061383333,-77.66843333,73.85,440,male,melpomene,malleti,rayed,haplotagging
CAM016540,,Y de Misahualli,-1.061383333,-77.66843333,73.85,440,male,melpomene,malleti,rayed,haplotagging
CAM017083,,Y de Misahualli,-1.061383333,-77.66843333,73.85,440,male,melpomene,malleti,rayed,haplotagging
CAM017089,,Y de Misahualli,-1.061383333,-77.66843333,73.85,440,male,melpomene,malleti,rayed,haplotagging
CAM017092,,Y de Misahualli,-1.061383333,-77.66843333,73.85,440,male,melpomene,malleti,rayed,haplotagging
CAM017093,,Y de Misahualli,-1.061383333,-77.66843333,73.85,440,female,melpomene,malleti,rayed,haplotagging
CAM017099,,Y de Misahualli,-1.061383333,-77.66843333,73.85,440,male,melpomene,malleti,rayed,haplotagging
CAM017103,,Y de Misahualli,-1.061383333,-77.66843333,73.85,440,male,melpomene,malleti,rayed,haplotagging
CAM017413,,Rio Pusuno,-1.025694444,-77.60475,83.22,378,female,erato,lativitta,rayed,haplotagging
CAM017414,,Rio Pusuno,-1.025694444,-77.60475,83.22,378,female,erato,lativitta,rayed,haplotagging
CAM017415,,Rio Pusuno,-1.025694444,-77.60475,83.22,378,male,erato,lativitta,rayed,haplotagging
CAM017416,,Rio Pusuno,-1.025694444,-77.60475,83.22,378,male,erato,lativitta,rayed,haplotagging
CAM017393,,San Pedro de Arajuno  Rio Arajuno,-1.09759,-77.58389,79.23,376,male,erato,hybrid,hyrbid,haplotagging
CAM017407,,San Pedro de Arajuno  Rio Arajuno,-1.09759,-77.58389,79.23,376,female,erato,hybrid,hyrbid,haplotagging
CAM017408,,San Pedro de Arajuno  Rio Arajuno,-1.09759,-77.58389,79.23,376,male,erato,hybrid,hyrbid,haplotagging
CAM017410,,San Pedro de Arajuno  Rio Arajuno,-1.09759,-77.58389,79.23,376,male,erato,hybrid,hyrbid,haplotagging